function,bufferSize,PKNumber,chunkSize,genName,time
3lock_consumer,20,10,1,standard,64171.0
3lock_producer,20,10,1,standard,64681.0
3lock_consumer,20,10,2,standard,63941.0
3lock_producer,20,10,2,standard,65003.0
3lock_consumer,20,10,3,standard,65368.0
3lock_producer,20,10,3,standard,65362.0
3lock_consumer,20,10,4,standard,66114.0
3lock_producer,20,10,4,standard,65924.0
3lock_consumer,20,10,5,standard,66747.0
3lock_producer,20,10,5,standard,66755.0
3lock_consumer,20,10,6,standard,66948.0
3lock_producer,20,10,6,standard,67617.0
3lock_consumer,20,10,7,standard,67812.0
3lock_producer,20,10,7,standard,68056.0
3lock_consumer,20,10,8,standard,68175.0
3lock_producer,20,10,8,standard,68292.0
3lock_consumer,20,10,9,standard,69112.0
3lock_producer,20,10,9,standard,68552.0
3lock_consumer,20,10,10,standard,69897.0
3lock_producer,20,10,10,standard,69345.0
3lock_consumer,20,10,11,standard,70786.0
3lock_producer,20,10,11,standard,70773.0
3lock_consumer,20,10,12,standard,71553.0
3lock_producer,20,10,12,standard,71308.0
3lock_consumer,20,10,13,standard,72252.0
3lock_producer,20,10,13,standard,71596.0
3lock_consumer,20,10,14,standard,72484.0
3lock_producer,20,10,14,standard,72600.0
3lock_consumer,20,10,15,standard,73734.0
3lock_producer,20,10,15,standard,73257.0
3lock_consumer,20,10,16,standard,74078.0
3lock_producer,20,10,16,standard,74041.0
3lock_consumer,20,10,17,standard,74508.0
3lock_producer,20,10,17,standard,74978.0
3lock_consumer,20,10,18,standard,75304.0
3lock_producer,20,10,18,standard,74973.0
3lock_consumer,20,10,19,standard,76084.0
3lock_producer,20,10,19,standard,76055.0
2cond_consumer,20,10,1,standard,12359.0
2cond_producer,20,10,1,standard,12308.0
2cond_consumer,20,10,2,standard,24648.0
2cond_producer,20,10,2,standard,25036.0
2cond_consumer,20,10,3,standard,38029.0
2cond_producer,20,10,3,standard,38594.0
2cond_consumer,20,10,4,standard,51646.0
2cond_producer,20,10,4,standard,51246.0
2cond_consumer,20,10,5,standard,66305.0
2cond_producer,20,10,5,standard,65994.0
2cond_consumer,20,10,6,standard,81642.0
2cond_producer,20,10,6,standard,81020.0
2cond_consumer,20,10,7,standard,98444.0
2cond_producer,20,10,7,standard,97996.0
2cond_consumer,20,10,8,standard,116269.0
2cond_producer,20,10,8,standard,117447.0
2cond_consumer,20,10,9,standard,136057.0
2cond_producer,20,10,9,standard,135810.0
2cond_consumer,20,10,10,standard,157924.0
2cond_producer,20,10,10,standard,157681.0
2cond_consumer,20,10,11,standard,180884.0
2cond_producer,20,10,11,standard,181363.0
2cond_consumer,20,10,12,standard,206971.0
2cond_producer,20,10,12,standard,206800.0
2cond_consumer,20,10,13,standard,235605.0
2cond_producer,20,10,13,standard,235216.0
2cond_consumer,20,10,14,standard,266023.0
2cond_producer,20,10,14,standard,264801.0
2cond_consumer,20,10,15,standard,297853.0
2cond_producer,20,10,15,standard,296723.0
2cond_consumer,20,10,16,standard,326518.0
2cond_producer,20,10,16,standard,326866.0
2cond_consumer,20,10,17,standard,355520.0
2cond_producer,20,10,17,standard,354873.0
2cond_consumer,20,10,18,standard,381671.0
2cond_producer,20,10,18,standard,380079.0
2cond_consumer,20,10,19,standard,402681.0
2cond_producer,20,10,19,standard,407341.0
4cond_consumer,20,10,1,standard,415608.0
4cond_producer,20,10,1,standard,366802.0
4cond_consumer,20,10,2,standard,253280.0
4cond_producer,20,10,2,standard,272973.0
4cond_consumer,20,10,3,standard,350032.0
4cond_producer,20,10,3,standard,351042.0
4cond_consumer,20,10,4,standard,229905.0
4cond_producer,20,10,4,standard,456625.0
4cond_consumer,20,10,5,standard,447095.0
4cond_producer,20,10,5,standard,321648.0
4cond_consumer,20,10,6,standard,265654.0
4cond_producer,20,10,6,standard,321415.0
4cond_consumer,20,10,7,standard,337040.0
4cond_producer,20,10,7,standard,258367.0
4cond_consumer,20,10,8,standard,348968.0
4cond_producer,20,10,8,standard,451423.0
4cond_consumer,20,10,9,standard,357298.0
4cond_producer,20,10,9,standard,424967.0
4cond_consumer,20,10,10,standard,380313.0
4cond_producer,20,10,10,standard,476512.0
4cond_consumer,20,10,11,standard,333070.0
4cond_producer,20,10,11,standard,289797.0
4cond_consumer,20,10,12,standard,336117.0
4cond_producer,20,10,12,standard,324826.0
4cond_consumer,20,10,13,standard,415852.0
4cond_producer,20,10,13,standard,316191.0
4cond_consumer,20,10,14,standard,462537.0
4cond_producer,20,10,14,standard,374345.0
4cond_consumer,20,10,15,standard,419444.0
4cond_producer,20,10,15,standard,341228.0
4cond_consumer,20,10,16,standard,325334.0
4cond_producer,20,10,16,standard,407603.0
4cond_consumer,20,10,17,standard,208909.0
4cond_producer,20,10,17,standard,296400.0
4cond_consumer,20,10,18,standard,374710.0
4cond_producer,20,10,18,standard,378885.0
4cond_consumer,20,10,19,standard,514253.0
4cond_producer,20,10,19,standard,345650.0
3lock_consumer,200,100,1,standard,877387.0
3lock_producer,200,100,1,standard,871716.0
3lock_consumer,200,100,2,standard,868588.0
3lock_producer,200,100,2,standard,898365.0
3lock_consumer,200,100,3,standard,891771.0
3lock_producer,200,100,3,standard,882774.0
3lock_consumer,200,100,4,standard,889484.0
3lock_producer,200,100,4,standard,897230.0
3lock_consumer,200,100,5,standard,888838.0
3lock_producer,200,100,5,standard,865963.0
3lock_consumer,200,100,6,standard,893832.0
3lock_producer,200,100,6,standard,894337.0
3lock_consumer,200,100,7,standard,880436.0
3lock_producer,200,100,7,standard,847255.0
3lock_consumer,200,100,8,standard,884871.0
3lock_producer,200,100,8,standard,861304.0
3lock_consumer,200,100,9,standard,878021.0
3lock_producer,200,100,9,standard,874918.0
3lock_consumer,200,100,10,standard,889746.0
3lock_producer,200,100,10,standard,910309.0
3lock_consumer,200,100,11,standard,878076.0
3lock_producer,200,100,11,standard,877698.0
3lock_consumer,200,100,12,standard,872358.0
3lock_producer,200,100,12,standard,885188.0
3lock_consumer,200,100,13,standard,855890.0
3lock_producer,200,100,13,standard,900363.0
3lock_consumer,200,100,14,standard,846407.0
3lock_producer,200,100,14,standard,895966.0
3lock_consumer,200,100,15,standard,866326.0
3lock_producer,200,100,15,standard,891866.0
3lock_consumer,200,100,16,standard,881922.0
3lock_producer,200,100,16,standard,872545.0
3lock_consumer,200,100,17,standard,886814.0
3lock_producer,200,100,17,standard,881310.0
3lock_consumer,200,100,18,standard,875804.0
3lock_producer,200,100,18,standard,905424.0
3lock_consumer,200,100,19,standard,894795.0
3lock_producer,200,100,19,standard,899752.0
3lock_consumer,200,100,20,standard,878085.0
3lock_producer,200,100,20,standard,852468.0
3lock_consumer,200,100,21,standard,871776.0
3lock_producer,200,100,21,standard,903726.0
3lock_consumer,200,100,22,standard,893023.0
3lock_producer,200,100,22,standard,884973.0
3lock_consumer,200,100,23,standard,885775.0
3lock_producer,200,100,23,standard,890265.0
3lock_consumer,200,100,24,standard,864331.0
3lock_producer,200,100,24,standard,882967.0
3lock_consumer,200,100,25,standard,898868.0
3lock_producer,200,100,25,standard,878552.0
3lock_consumer,200,100,26,standard,858393.0
3lock_producer,200,100,26,standard,874140.0
3lock_consumer,200,100,27,standard,878690.0
3lock_producer,200,100,27,standard,865566.0
3lock_consumer,200,100,28,standard,863891.0
3lock_producer,200,100,28,standard,882090.0
3lock_consumer,200,100,29,standard,858755.0
3lock_producer,200,100,29,standard,864101.0
3lock_consumer,200,100,30,standard,891320.0
3lock_producer,200,100,30,standard,896126.0
3lock_consumer,200,100,31,standard,866102.0
3lock_producer,200,100,31,standard,898869.0
3lock_consumer,200,100,32,standard,877027.0
3lock_producer,200,100,32,standard,896397.0
3lock_consumer,200,100,33,standard,882912.0
3lock_producer,200,100,33,standard,913154.0
3lock_consumer,200,100,34,standard,869032.0
3lock_producer,200,100,34,standard,887560.0
3lock_consumer,200,100,35,standard,881691.0
3lock_producer,200,100,35,standard,887827.0
3lock_consumer,200,100,36,standard,886791.0
3lock_producer,200,100,36,standard,933164.0
3lock_consumer,200,100,37,standard,875422.0
3lock_producer,200,100,37,standard,838986.0
3lock_consumer,200,100,38,standard,867667.0
3lock_producer,200,100,38,standard,890856.0
3lock_consumer,200,100,39,standard,904810.0
3lock_producer,200,100,39,standard,883893.0
3lock_consumer,200,100,40,standard,882680.0
3lock_producer,200,100,40,standard,885269.0
3lock_consumer,200,100,41,standard,874156.0
3lock_producer,200,100,41,standard,890068.0
3lock_consumer,200,100,42,standard,883472.0
3lock_producer,200,100,42,standard,873850.0
3lock_consumer,200,100,43,standard,924605.0
3lock_producer,200,100,43,standard,895550.0
3lock_consumer,200,100,44,standard,910572.0
3lock_producer,200,100,44,standard,892318.0
3lock_consumer,200,100,45,standard,911161.0
3lock_producer,200,100,45,standard,883826.0
3lock_consumer,200,100,46,standard,912506.0
3lock_producer,200,100,46,standard,850942.0
3lock_consumer,200,100,47,standard,871530.0
3lock_producer,200,100,47,standard,887954.0
3lock_consumer,200,100,48,standard,899892.0
3lock_producer,200,100,48,standard,869530.0
3lock_consumer,200,100,49,standard,886898.0
3lock_producer,200,100,49,standard,877345.0
3lock_consumer,200,100,50,standard,876676.0
3lock_producer,200,100,50,standard,908664.0
3lock_consumer,200,100,51,standard,880313.0
3lock_producer,200,100,51,standard,899924.0
3lock_consumer,200,100,52,standard,888301.0
3lock_producer,200,100,52,standard,882945.0
3lock_consumer,200,100,53,standard,904867.0
3lock_producer,200,100,53,standard,869811.0
3lock_consumer,200,100,54,standard,848306.0
3lock_producer,200,100,54,standard,878752.0
3lock_consumer,200,100,55,standard,857456.0
3lock_producer,200,100,55,standard,882599.0
3lock_consumer,200,100,56,standard,905634.0
3lock_producer,200,100,56,standard,876043.0
3lock_consumer,200,100,57,standard,896741.0
3lock_producer,200,100,57,standard,879988.0
3lock_consumer,200,100,58,standard,872792.0
3lock_producer,200,100,58,standard,901408.0
3lock_consumer,200,100,59,standard,902396.0
3lock_producer,200,100,59,standard,865513.0
3lock_consumer,200,100,60,standard,873510.0
3lock_producer,200,100,60,standard,877442.0
3lock_consumer,200,100,61,standard,904632.0
3lock_producer,200,100,61,standard,890821.0
3lock_consumer,200,100,62,standard,870012.0
3lock_producer,200,100,62,standard,890266.0
3lock_consumer,200,100,63,standard,859394.0
3lock_producer,200,100,63,standard,856317.0
3lock_consumer,200,100,64,standard,891092.0
3lock_producer,200,100,64,standard,885138.0
3lock_consumer,200,100,65,standard,871036.0
3lock_producer,200,100,65,standard,905286.0
3lock_consumer,200,100,66,standard,875790.0
3lock_producer,200,100,66,standard,860606.0
3lock_consumer,200,100,67,standard,896058.0
3lock_producer,200,100,67,standard,885701.0
3lock_consumer,200,100,68,standard,890293.0
3lock_producer,200,100,68,standard,884858.0
3lock_consumer,200,100,69,standard,864180.0
3lock_producer,200,100,69,standard,885374.0
3lock_consumer,200,100,70,standard,850984.0
3lock_producer,200,100,70,standard,875984.0
3lock_consumer,200,100,71,standard,883606.0
3lock_producer,200,100,71,standard,884937.0
3lock_consumer,200,100,72,standard,904851.0
3lock_producer,200,100,72,standard,916622.0
3lock_consumer,200,100,73,standard,903190.0
3lock_producer,200,100,73,standard,907206.0
3lock_consumer,200,100,74,standard,902712.0
3lock_producer,200,100,74,standard,877495.0
3lock_consumer,200,100,75,standard,888098.0
3lock_producer,200,100,75,standard,892102.0
3lock_consumer,200,100,76,standard,899343.0
3lock_producer,200,100,76,standard,908858.0
3lock_consumer,200,100,77,standard,860992.0
3lock_producer,200,100,77,standard,879513.0
3lock_consumer,200,100,78,standard,921158.0
3lock_producer,200,100,78,standard,891740.0
3lock_consumer,200,100,79,standard,900489.0
3lock_producer,200,100,79,standard,875735.0
3lock_consumer,200,100,80,standard,880563.0
3lock_producer,200,100,80,standard,880114.0
3lock_consumer,200,100,81,standard,897342.0
3lock_producer,200,100,81,standard,889882.0
3lock_consumer,200,100,82,standard,887379.0
3lock_producer,200,100,82,standard,870237.0
3lock_consumer,200,100,83,standard,878438.0
3lock_producer,200,100,83,standard,873392.0
3lock_consumer,200,100,84,standard,904630.0
3lock_producer,200,100,84,standard,888988.0
3lock_consumer,200,100,85,standard,873106.0
3lock_producer,200,100,85,standard,888668.0
3lock_consumer,200,100,86,standard,885403.0
3lock_producer,200,100,86,standard,893367.0
3lock_consumer,200,100,87,standard,866524.0
3lock_producer,200,100,87,standard,895846.0
3lock_consumer,200,100,88,standard,868284.0
3lock_producer,200,100,88,standard,912985.0
3lock_consumer,200,100,89,standard,906611.0
3lock_producer,200,100,89,standard,889891.0
3lock_consumer,200,100,90,standard,887637.0
3lock_producer,200,100,90,standard,889503.0
3lock_consumer,200,100,91,standard,887430.0
3lock_producer,200,100,91,standard,869070.0
3lock_consumer,200,100,92,standard,921342.0
3lock_producer,200,100,92,standard,889781.0
3lock_consumer,200,100,93,standard,902906.0
3lock_producer,200,100,93,standard,872918.0
3lock_consumer,200,100,94,standard,916143.0
3lock_producer,200,100,94,standard,891018.0
3lock_consumer,200,100,95,standard,912347.0
3lock_producer,200,100,95,standard,884956.0
3lock_consumer,200,100,96,standard,913472.0
3lock_producer,200,100,96,standard,864004.0
3lock_consumer,200,100,97,standard,904475.0
3lock_producer,200,100,97,standard,903529.0
3lock_consumer,200,100,98,standard,871919.0
3lock_producer,200,100,98,standard,898068.0
3lock_consumer,200,100,99,standard,896018.0
3lock_producer,200,100,99,standard,886964.0
3lock_consumer,200,100,100,standard,883093.0
3lock_producer,200,100,100,standard,887360.0
3lock_consumer,200,100,101,standard,878144.0
3lock_producer,200,100,101,standard,900887.0
3lock_consumer,200,100,102,standard,873627.0
3lock_producer,200,100,102,standard,845375.0
3lock_consumer,200,100,103,standard,893826.0
3lock_producer,200,100,103,standard,893996.0
3lock_consumer,200,100,104,standard,896118.0
3lock_producer,200,100,104,standard,913026.0
3lock_consumer,200,100,105,standard,879560.0
3lock_producer,200,100,105,standard,890078.0
3lock_consumer,200,100,106,standard,884344.0
3lock_producer,200,100,106,standard,905430.0
3lock_consumer,200,100,107,standard,911085.0
3lock_producer,200,100,107,standard,899158.0
3lock_consumer,200,100,108,standard,876451.0
3lock_producer,200,100,108,standard,887240.0
3lock_consumer,200,100,109,standard,870862.0
3lock_producer,200,100,109,standard,905305.0
3lock_consumer,200,100,110,standard,882456.0
3lock_producer,200,100,110,standard,883526.0
3lock_consumer,200,100,111,standard,882716.0
3lock_producer,200,100,111,standard,889519.0
3lock_consumer,200,100,112,standard,863636.0
3lock_producer,200,100,112,standard,881344.0
3lock_consumer,200,100,113,standard,894333.0
3lock_producer,200,100,113,standard,888067.0
3lock_consumer,200,100,114,standard,913520.0
3lock_producer,200,100,114,standard,900800.0
3lock_consumer,200,100,115,standard,906237.0
3lock_producer,200,100,115,standard,918997.0
3lock_consumer,200,100,116,standard,867245.0
3lock_producer,200,100,116,standard,873153.0
3lock_consumer,200,100,117,standard,905273.0
3lock_producer,200,100,117,standard,898320.0
3lock_consumer,200,100,118,standard,895648.0
3lock_producer,200,100,118,standard,911756.0
3lock_consumer,200,100,119,standard,872165.0
3lock_producer,200,100,119,standard,903439.0
3lock_consumer,200,100,120,standard,916588.0
3lock_producer,200,100,120,standard,887036.0
3lock_consumer,200,100,121,standard,890733.0
3lock_producer,200,100,121,standard,897081.0
3lock_consumer,200,100,122,standard,879512.0
3lock_producer,200,100,122,standard,884568.0
3lock_consumer,200,100,123,standard,907548.0
3lock_producer,200,100,123,standard,895553.0
3lock_consumer,200,100,124,standard,889377.0
3lock_producer,200,100,124,standard,858924.0
3lock_consumer,200,100,125,standard,904222.0
3lock_producer,200,100,125,standard,906039.0
3lock_consumer,200,100,126,standard,880572.0
3lock_producer,200,100,126,standard,905532.0
3lock_consumer,200,100,127,standard,900924.0
3lock_producer,200,100,127,standard,890986.0
3lock_consumer,200,100,128,standard,907607.0
3lock_producer,200,100,128,standard,903523.0
3lock_consumer,200,100,129,standard,910859.0
3lock_producer,200,100,129,standard,904123.0
3lock_consumer,200,100,130,standard,886837.0
3lock_producer,200,100,130,standard,908308.0
3lock_consumer,200,100,131,standard,893455.0
3lock_producer,200,100,131,standard,883580.0
3lock_consumer,200,100,132,standard,900465.0
3lock_producer,200,100,132,standard,919142.0
3lock_consumer,200,100,133,standard,892100.0
3lock_producer,200,100,133,standard,893298.0
3lock_consumer,200,100,134,standard,892801.0
3lock_producer,200,100,134,standard,931096.0
3lock_consumer,200,100,135,standard,866663.0
3lock_producer,200,100,135,standard,903685.0
3lock_consumer,200,100,136,standard,895728.0
3lock_producer,200,100,136,standard,865883.0
3lock_consumer,200,100,137,standard,890105.0
3lock_producer,200,100,137,standard,892186.0
3lock_consumer,200,100,138,standard,888425.0
3lock_producer,200,100,138,standard,907844.0
3lock_consumer,200,100,139,standard,880009.0
3lock_producer,200,100,139,standard,871557.0
3lock_consumer,200,100,140,standard,867145.0
3lock_producer,200,100,140,standard,886885.0
3lock_consumer,200,100,141,standard,911818.0
3lock_producer,200,100,141,standard,895224.0
3lock_consumer,200,100,142,standard,881241.0
3lock_producer,200,100,142,standard,885531.0
3lock_consumer,200,100,143,standard,909862.0
3lock_producer,200,100,143,standard,898765.0
3lock_consumer,200,100,144,standard,901350.0
3lock_producer,200,100,144,standard,894412.0
3lock_consumer,200,100,145,standard,896430.0
3lock_producer,200,100,145,standard,877807.0
3lock_consumer,200,100,146,standard,868485.0
3lock_producer,200,100,146,standard,881156.0
3lock_consumer,200,100,147,standard,881724.0
3lock_producer,200,100,147,standard,899829.0
3lock_consumer,200,100,148,standard,921468.0
3lock_producer,200,100,148,standard,883474.0
3lock_consumer,200,100,149,standard,903664.0
3lock_producer,200,100,149,standard,905750.0
3lock_consumer,200,100,150,standard,884385.0
3lock_producer,200,100,150,standard,902139.0
3lock_consumer,200,100,151,standard,870298.0
3lock_producer,200,100,151,standard,895730.0
3lock_consumer,200,100,152,standard,882127.0
3lock_producer,200,100,152,standard,901250.0
3lock_consumer,200,100,153,standard,920319.0
3lock_producer,200,100,153,standard,904040.0
3lock_consumer,200,100,154,standard,888835.0
3lock_producer,200,100,154,standard,917165.0
3lock_consumer,200,100,155,standard,868824.0
3lock_producer,200,100,155,standard,882335.0
3lock_consumer,200,100,156,standard,898510.0
3lock_producer,200,100,156,standard,887084.0
3lock_consumer,200,100,157,standard,912979.0
3lock_producer,200,100,157,standard,901785.0
3lock_consumer,200,100,158,standard,888882.0
3lock_producer,200,100,158,standard,855445.0
3lock_consumer,200,100,159,standard,911512.0
3lock_producer,200,100,159,standard,899166.0
3lock_consumer,200,100,160,standard,888659.0
3lock_producer,200,100,160,standard,921834.0
3lock_consumer,200,100,161,standard,897765.0
3lock_producer,200,100,161,standard,910660.0
3lock_consumer,200,100,162,standard,883448.0
3lock_producer,200,100,162,standard,876029.0
3lock_consumer,200,100,163,standard,913047.0
3lock_producer,200,100,163,standard,892146.0
3lock_consumer,200,100,164,standard,889510.0
3lock_producer,200,100,164,standard,904912.0
3lock_consumer,200,100,165,standard,902707.0
3lock_producer,200,100,165,standard,881996.0
3lock_consumer,200,100,166,standard,887562.0
3lock_producer,200,100,166,standard,908014.0
3lock_consumer,200,100,167,standard,891175.0
3lock_producer,200,100,167,standard,868282.0
3lock_consumer,200,100,168,standard,918700.0
3lock_producer,200,100,168,standard,862906.0
3lock_consumer,200,100,169,standard,890348.0
3lock_producer,200,100,169,standard,893689.0
3lock_consumer,200,100,170,standard,901603.0
3lock_producer,200,100,170,standard,897662.0
3lock_consumer,200,100,171,standard,902004.0
3lock_producer,200,100,171,standard,880854.0
3lock_consumer,200,100,172,standard,893898.0
3lock_producer,200,100,172,standard,891761.0
3lock_consumer,200,100,173,standard,874805.0
3lock_producer,200,100,173,standard,868441.0
3lock_consumer,200,100,174,standard,893737.0
3lock_producer,200,100,174,standard,876159.0
3lock_consumer,200,100,175,standard,887774.0
3lock_producer,200,100,175,standard,892735.0
3lock_consumer,200,100,176,standard,931475.0
3lock_producer,200,100,176,standard,900601.0
3lock_consumer,200,100,177,standard,879602.0
3lock_producer,200,100,177,standard,895636.0
3lock_consumer,200,100,178,standard,910566.0
3lock_producer,200,100,178,standard,888680.0
3lock_consumer,200,100,179,standard,870649.0
3lock_producer,200,100,179,standard,875136.0
3lock_consumer,200,100,180,standard,914599.0
3lock_producer,200,100,180,standard,897450.0
3lock_consumer,200,100,181,standard,916966.0
3lock_producer,200,100,181,standard,874057.0
3lock_consumer,200,100,182,standard,863309.0
3lock_producer,200,100,182,standard,875456.0
3lock_consumer,200,100,183,standard,929850.0
3lock_producer,200,100,183,standard,852074.0
3lock_consumer,200,100,184,standard,884077.0
3lock_producer,200,100,184,standard,864833.0
3lock_consumer,200,100,185,standard,917090.0
3lock_producer,200,100,185,standard,901892.0
3lock_consumer,200,100,186,standard,907518.0
3lock_producer,200,100,186,standard,912184.0
3lock_consumer,200,100,187,standard,902936.0
3lock_producer,200,100,187,standard,883092.0
3lock_consumer,200,100,188,standard,899701.0
3lock_producer,200,100,188,standard,896502.0
3lock_consumer,200,100,189,standard,894433.0
3lock_producer,200,100,189,standard,895587.0
3lock_consumer,200,100,190,standard,916916.0
3lock_producer,200,100,190,standard,909163.0
3lock_consumer,200,100,191,standard,894562.0
3lock_producer,200,100,191,standard,886340.0
3lock_consumer,200,100,192,standard,879580.0
3lock_producer,200,100,192,standard,930416.0
3lock_consumer,200,100,193,standard,875544.0
3lock_producer,200,100,193,standard,909661.0
3lock_consumer,200,100,194,standard,900415.0
3lock_producer,200,100,194,standard,912758.0
3lock_consumer,200,100,195,standard,886993.0
3lock_producer,200,100,195,standard,912822.0
3lock_consumer,200,100,196,standard,918968.0
3lock_producer,200,100,196,standard,885664.0
3lock_consumer,200,100,197,standard,905372.0
3lock_producer,200,100,197,standard,907423.0
3lock_consumer,200,100,198,standard,864394.0
3lock_producer,200,100,198,standard,900374.0
3lock_consumer,200,100,199,standard,886295.0
3lock_producer,200,100,199,standard,901671.0
2cond_consumer,200,100,1,standard,14581.0
2cond_producer,200,100,1,standard,18824.0
2cond_consumer,200,100,2,standard,37552.0
2cond_producer,200,100,2,standard,34594.0
2cond_consumer,200,100,3,standard,49817.0
2cond_producer,200,100,3,standard,46937.0
2cond_consumer,200,100,4,standard,66500.0
2cond_producer,200,100,4,standard,68657.0
2cond_consumer,200,100,5,standard,83450.0
2cond_producer,200,100,5,standard,85627.0
2cond_consumer,200,100,6,standard,98011.0
2cond_producer,200,100,6,standard,96947.0
2cond_consumer,200,100,7,standard,106050.0
2cond_producer,200,100,7,standard,113550.0
2cond_consumer,200,100,8,standard,130300.0
2cond_producer,200,100,8,standard,129975.0
2cond_consumer,200,100,9,standard,147757.0
2cond_producer,200,100,9,standard,148576.0
2cond_consumer,200,100,10,standard,164437.0
2cond_producer,200,100,10,standard,164981.0
2cond_consumer,200,100,11,standard,181671.0
2cond_producer,200,100,11,standard,188669.0
2cond_consumer,200,100,12,standard,195687.0
2cond_producer,200,100,12,standard,208479.0
2cond_consumer,200,100,13,standard,225302.0
2cond_producer,200,100,13,standard,221648.0
2cond_consumer,200,100,14,standard,235627.0
2cond_producer,200,100,14,standard,235705.0
2cond_consumer,200,100,15,standard,251245.0
2cond_producer,200,100,15,standard,243721.0
2cond_consumer,200,100,16,standard,268082.0
2cond_producer,200,100,16,standard,263801.0
2cond_consumer,200,100,17,standard,286674.0
2cond_producer,200,100,17,standard,283676.0
2cond_consumer,200,100,18,standard,299289.0
2cond_producer,200,100,18,standard,301057.0
2cond_consumer,200,100,19,standard,321676.0
2cond_producer,200,100,19,standard,317497.0
2cond_consumer,200,100,20,standard,336700.0
2cond_producer,200,100,20,standard,334936.0
2cond_consumer,200,100,21,standard,356377.0
2cond_producer,200,100,21,standard,357378.0
2cond_consumer,200,100,22,standard,386023.0
2cond_producer,200,100,22,standard,378328.0
2cond_consumer,200,100,23,standard,393874.0
2cond_producer,200,100,23,standard,385725.0
2cond_consumer,200,100,24,standard,408738.0
2cond_producer,200,100,24,standard,407357.0
2cond_consumer,200,100,25,standard,436484.0
2cond_producer,200,100,25,standard,426319.0
2cond_consumer,200,100,26,standard,438579.0
2cond_producer,200,100,26,standard,443795.0
2cond_consumer,200,100,27,standard,474977.0
2cond_producer,200,100,27,standard,465037.0
2cond_consumer,200,100,28,standard,476420.0
2cond_producer,200,100,28,standard,476667.0
2cond_consumer,200,100,29,standard,498801.0
2cond_producer,200,100,29,standard,496998.0
2cond_consumer,200,100,30,standard,530069.0
2cond_producer,200,100,30,standard,512366.0
2cond_consumer,200,100,31,standard,529160.0
2cond_producer,200,100,31,standard,543490.0
2cond_consumer,200,100,32,standard,552827.0
2cond_producer,200,100,32,standard,553502.0
2cond_consumer,200,100,33,standard,556815.0
2cond_producer,200,100,33,standard,563479.0
2cond_consumer,200,100,34,standard,598227.0
2cond_producer,200,100,34,standard,593373.0
2cond_consumer,200,100,35,standard,603216.0
2cond_producer,200,100,35,standard,619101.0
2cond_consumer,200,100,36,standard,632374.0
2cond_producer,200,100,36,standard,632490.0
2cond_consumer,200,100,37,standard,633162.0
2cond_producer,200,100,37,standard,649975.0
2cond_consumer,200,100,38,standard,667986.0
2cond_producer,200,100,38,standard,663415.0
2cond_consumer,200,100,39,standard,680015.0
2cond_producer,200,100,39,standard,699832.0
2cond_consumer,200,100,40,standard,714802.0
2cond_producer,200,100,40,standard,704417.0
2cond_consumer,200,100,41,standard,704568.0
2cond_producer,200,100,41,standard,728370.0
2cond_consumer,200,100,42,standard,751836.0
2cond_producer,200,100,42,standard,746781.0
2cond_consumer,200,100,43,standard,784005.0
2cond_producer,200,100,43,standard,766852.0
2cond_consumer,200,100,44,standard,796709.0
2cond_producer,200,100,44,standard,782529.0
2cond_consumer,200,100,45,standard,813647.0
2cond_producer,200,100,45,standard,797016.0
2cond_consumer,200,100,46,standard,836314.0
2cond_producer,200,100,46,standard,825189.0
2cond_consumer,200,100,47,standard,859321.0
2cond_producer,200,100,47,standard,860969.0
2cond_consumer,200,100,48,standard,889928.0
2cond_producer,200,100,48,standard,861236.0
2cond_consumer,200,100,49,standard,890350.0
2cond_producer,200,100,49,standard,905552.0
2cond_consumer,200,100,50,standard,890852.0
2cond_producer,200,100,50,standard,903290.0
2cond_consumer,200,100,51,standard,906791.0
2cond_producer,200,100,51,standard,905712.0
2cond_consumer,200,100,52,standard,970391.0
2cond_producer,200,100,52,standard,935592.0
2cond_consumer,200,100,53,standard,973273.0
2cond_producer,200,100,53,standard,949198.0
2cond_consumer,200,100,54,standard,973689.0
2cond_producer,200,100,54,standard,987391.0
2cond_consumer,200,100,55,standard,1016580.0
2cond_producer,200,100,55,standard,1003523.0
2cond_consumer,200,100,56,standard,1016612.0
2cond_producer,200,100,56,standard,1010614.0
2cond_consumer,200,100,57,standard,1058063.0
2cond_producer,200,100,57,standard,1025917.0
2cond_consumer,200,100,58,standard,1054352.0
2cond_producer,200,100,58,standard,1082075.0
2cond_consumer,200,100,59,standard,1094876.0
2cond_producer,200,100,59,standard,1092324.0
2cond_consumer,200,100,60,standard,1118251.0
2cond_producer,200,100,60,standard,1126481.0
2cond_consumer,200,100,61,standard,1157986.0
2cond_producer,200,100,61,standard,1139704.0
2cond_consumer,200,100,62,standard,1169594.0
2cond_producer,200,100,62,standard,1169850.0
2cond_consumer,200,100,63,standard,1175988.0
2cond_producer,200,100,63,standard,1161849.0
2cond_consumer,200,100,64,standard,1184123.0
2cond_producer,200,100,64,standard,1213886.0
2cond_consumer,200,100,65,standard,1203772.0
2cond_producer,200,100,65,standard,1215998.0
2cond_consumer,200,100,66,standard,1231816.0
2cond_producer,200,100,66,standard,1256868.0
2cond_consumer,200,100,67,standard,1264710.0
2cond_producer,200,100,67,standard,1262054.0
2cond_consumer,200,100,68,standard,1299085.0
2cond_producer,200,100,68,standard,1249808.0
2cond_consumer,200,100,69,standard,1314626.0
2cond_producer,200,100,69,standard,1327952.0
2cond_consumer,200,100,70,standard,1335221.0
2cond_producer,200,100,70,standard,1320334.0
2cond_consumer,200,100,71,standard,1387999.0
2cond_producer,200,100,71,standard,1345469.0
2cond_consumer,200,100,72,standard,1372049.0
2cond_producer,200,100,72,standard,1376175.0
2cond_consumer,200,100,73,standard,1395368.0
2cond_producer,200,100,73,standard,1417086.0
2cond_consumer,200,100,74,standard,1405218.0
2cond_producer,200,100,74,standard,1430081.0
2cond_consumer,200,100,75,standard,1473814.0
2cond_producer,200,100,75,standard,1460910.0
2cond_consumer,200,100,76,standard,1467462.0
2cond_producer,200,100,76,standard,1475526.0
2cond_consumer,200,100,77,standard,1538741.0
2cond_producer,200,100,77,standard,1492346.0
2cond_consumer,200,100,78,standard,1524080.0
2cond_producer,200,100,78,standard,1521434.0
2cond_consumer,200,100,79,standard,1562672.0
2cond_producer,200,100,79,standard,1585808.0
2cond_consumer,200,100,80,standard,1588491.0
2cond_producer,200,100,80,standard,1553359.0
2cond_consumer,200,100,81,standard,1603451.0
2cond_producer,200,100,81,standard,1614568.0
2cond_consumer,200,100,82,standard,1650563.0
2cond_producer,200,100,82,standard,1652108.0
2cond_consumer,200,100,83,standard,1646731.0
2cond_producer,200,100,83,standard,1631886.0
2cond_consumer,200,100,84,standard,1711593.0
2cond_producer,200,100,84,standard,1662923.0
2cond_consumer,200,100,85,standard,1675184.0
2cond_producer,200,100,85,standard,1690364.0
2cond_consumer,200,100,86,standard,1711057.0
2cond_producer,200,100,86,standard,1721675.0
2cond_consumer,200,100,87,standard,1756477.0
2cond_producer,200,100,87,standard,1787794.0
2cond_consumer,200,100,88,standard,1766630.0
2cond_producer,200,100,88,standard,1730153.0
2cond_consumer,200,100,89,standard,1805975.0
2cond_producer,200,100,89,standard,1845736.0
2cond_consumer,200,100,90,standard,1854167.0
2cond_producer,200,100,90,standard,1836431.0
2cond_consumer,200,100,91,standard,1849211.0
2cond_producer,200,100,91,standard,1871362.0
2cond_consumer,200,100,92,standard,1866694.0
2cond_producer,200,100,92,standard,1890973.0
2cond_consumer,200,100,93,standard,1943620.0
2cond_producer,200,100,93,standard,1912259.0
2cond_consumer,200,100,94,standard,1943240.0
2cond_producer,200,100,94,standard,1971857.0
2cond_consumer,200,100,95,standard,1967458.0
2cond_producer,200,100,95,standard,1968794.0
2cond_consumer,200,100,96,standard,1996914.0
2cond_producer,200,100,96,standard,1985801.0
2cond_consumer,200,100,97,standard,1936025.0
2cond_producer,200,100,97,standard,2068547.0
2cond_consumer,200,100,98,standard,2062590.0
2cond_producer,200,100,98,standard,2099576.0
2cond_consumer,200,100,99,standard,2123268.0
2cond_producer,200,100,99,standard,2069239.0
2cond_consumer,200,100,100,standard,2119534.0
2cond_producer,200,100,100,standard,2114733.0
2cond_consumer,200,100,101,standard,2170307.0
2cond_producer,200,100,101,standard,2169064.0
2cond_consumer,200,100,102,standard,2119669.0
2cond_producer,200,100,102,standard,2201388.0
2cond_consumer,200,100,103,standard,2205303.0
2cond_producer,200,100,103,standard,2218623.0
2cond_consumer,200,100,104,standard,2222162.0
2cond_producer,200,100,104,standard,2233723.0
2cond_consumer,200,100,105,standard,2301817.0
2cond_producer,200,100,105,standard,2237930.0
2cond_consumer,200,100,106,standard,2310119.0
2cond_producer,200,100,106,standard,2275572.0
2cond_consumer,200,100,107,standard,2409918.0
2cond_producer,200,100,107,standard,2376229.0
2cond_consumer,200,100,108,standard,2378655.0
2cond_producer,200,100,108,standard,2346115.0
2cond_consumer,200,100,109,standard,2383557.0
2cond_producer,200,100,109,standard,2368297.0
2cond_consumer,200,100,110,standard,2457048.0
2cond_producer,200,100,110,standard,2378038.0
2cond_consumer,200,100,111,standard,2445905.0
2cond_producer,200,100,111,standard,2434761.0
2cond_consumer,200,100,112,standard,2488911.0
2cond_producer,200,100,112,standard,2515715.0
2cond_consumer,200,100,113,standard,2549944.0
2cond_producer,200,100,113,standard,2503154.0
2cond_consumer,200,100,114,standard,2547174.0
2cond_producer,200,100,114,standard,2551120.0
2cond_consumer,200,100,115,standard,2602778.0
2cond_producer,200,100,115,standard,2575206.0
2cond_consumer,200,100,116,standard,2641122.0
2cond_producer,200,100,116,standard,2621900.0
2cond_consumer,200,100,117,standard,2708857.0
2cond_producer,200,100,117,standard,2697034.0
2cond_consumer,200,100,118,standard,2678675.0
2cond_producer,200,100,118,standard,2671487.0
2cond_consumer,200,100,119,standard,2691997.0
2cond_producer,200,100,119,standard,2728913.0
2cond_consumer,200,100,120,standard,2760504.0
2cond_producer,200,100,120,standard,2738494.0
2cond_consumer,200,100,121,standard,2807416.0
2cond_producer,200,100,121,standard,2840535.0
2cond_consumer,200,100,122,standard,2796009.0
2cond_producer,200,100,122,standard,2807704.0
2cond_consumer,200,100,123,standard,2807045.0
2cond_producer,200,100,123,standard,2818724.0
2cond_consumer,200,100,124,standard,2890039.0
2cond_producer,200,100,124,standard,2872183.0
2cond_consumer,200,100,125,standard,2912993.0
2cond_producer,200,100,125,standard,2937269.0
2cond_consumer,200,100,126,standard,2983928.0
2cond_producer,200,100,126,standard,2955826.0
2cond_consumer,200,100,127,standard,3072095.0
2cond_producer,200,100,127,standard,3028611.0
2cond_consumer,200,100,128,standard,3038258.0
2cond_producer,200,100,128,standard,3086970.0
2cond_consumer,200,100,129,standard,3032837.0
2cond_producer,200,100,129,standard,3053593.0
2cond_consumer,200,100,130,standard,3090487.0
2cond_producer,200,100,130,standard,3106208.0
2cond_consumer,200,100,131,standard,3201085.0
2cond_producer,200,100,131,standard,3156376.0
2cond_consumer,200,100,132,standard,3193329.0
2cond_producer,200,100,132,standard,3194952.0
2cond_consumer,200,100,133,standard,3177855.0
2cond_producer,200,100,133,standard,3163722.0
2cond_consumer,200,100,134,standard,3245181.0
2cond_producer,200,100,134,standard,3207520.0
2cond_consumer,200,100,135,standard,3308018.0
2cond_producer,200,100,135,standard,3265808.0
2cond_consumer,200,100,136,standard,3332895.0
2cond_producer,200,100,136,standard,3287267.0
2cond_consumer,200,100,137,standard,3356835.0
2cond_producer,200,100,137,standard,3354184.0
2cond_consumer,200,100,138,standard,3332881.0
2cond_producer,200,100,138,standard,3394227.0
2cond_consumer,200,100,139,standard,3389349.0
2cond_producer,200,100,139,standard,3364876.0
2cond_consumer,200,100,140,standard,3421210.0
2cond_producer,200,100,140,standard,3450578.0
2cond_consumer,200,100,141,standard,3586464.0
2cond_producer,200,100,141,standard,3465808.0
2cond_consumer,200,100,142,standard,3580736.0
2cond_producer,200,100,142,standard,3495263.0
2cond_consumer,200,100,143,standard,3566611.0
2cond_producer,200,100,143,standard,3549667.0
2cond_consumer,200,100,144,standard,3570702.0
2cond_producer,200,100,144,standard,3591396.0
2cond_consumer,200,100,145,standard,3687215.0
2cond_producer,200,100,145,standard,3639384.0
2cond_consumer,200,100,146,standard,3686282.0
2cond_producer,200,100,146,standard,3672683.0
2cond_consumer,200,100,147,standard,3720533.0
2cond_producer,200,100,147,standard,3687773.0
2cond_consumer,200,100,148,standard,3710654.0
2cond_producer,200,100,148,standard,3677940.0
2cond_consumer,200,100,149,standard,3775377.0
2cond_producer,200,100,149,standard,3843384.0
2cond_consumer,200,100,150,standard,3815801.0
2cond_producer,200,100,150,standard,3804132.0
2cond_consumer,200,100,151,standard,3828292.0
2cond_producer,200,100,151,standard,3904473.0
2cond_consumer,200,100,152,standard,3897417.0
2cond_producer,200,100,152,standard,3980701.0
2cond_consumer,200,100,153,standard,3883086.0
2cond_producer,200,100,153,standard,3954652.0
2cond_consumer,200,100,154,standard,3986249.0
2cond_producer,200,100,154,standard,3923540.0
2cond_consumer,200,100,155,standard,3993667.0
2cond_producer,200,100,155,standard,4098949.0
2cond_consumer,200,100,156,standard,4066586.0
2cond_producer,200,100,156,standard,4075115.0
2cond_consumer,200,100,157,standard,4057248.0
2cond_producer,200,100,157,standard,4082789.0
2cond_consumer,200,100,158,standard,4150852.0
2cond_producer,200,100,158,standard,4134870.0
2cond_consumer,200,100,159,standard,4145534.0
2cond_producer,200,100,159,standard,4214327.0
2cond_consumer,200,100,160,standard,4156148.0
2cond_producer,200,100,160,standard,4165951.0
2cond_consumer,200,100,161,standard,4213942.0
2cond_producer,200,100,161,standard,4269013.0
2cond_consumer,200,100,162,standard,4301499.0
2cond_producer,200,100,162,standard,4247931.0
2cond_consumer,200,100,163,standard,4289458.0
2cond_producer,200,100,163,standard,4271615.0
2cond_consumer,200,100,164,standard,4312987.0
2cond_producer,200,100,164,standard,4432215.0
2cond_consumer,200,100,165,standard,4364334.0
2cond_producer,200,100,165,standard,4394148.0
2cond_consumer,200,100,166,standard,4415046.0
2cond_producer,200,100,166,standard,4376031.0
2cond_consumer,200,100,167,standard,4458636.0
2cond_producer,200,100,167,standard,4505139.0
2cond_consumer,200,100,168,standard,4470027.0
2cond_producer,200,100,168,standard,4482090.0
2cond_consumer,200,100,169,standard,4450913.0
2cond_producer,200,100,169,standard,4504303.0
2cond_consumer,200,100,170,standard,4471940.0
2cond_producer,200,100,170,standard,4492619.0
2cond_consumer,200,100,171,standard,4482104.0
2cond_producer,200,100,171,standard,4486972.0
2cond_consumer,200,100,172,standard,4549417.0
2cond_producer,200,100,172,standard,4657252.0
2cond_consumer,200,100,173,standard,4633598.0
2cond_producer,200,100,173,standard,4630091.0
2cond_consumer,200,100,174,standard,4613987.0
2cond_producer,200,100,174,standard,4669282.0
2cond_consumer,200,100,175,standard,4776976.0
2cond_producer,200,100,175,standard,4752528.0
2cond_consumer,200,100,176,standard,4755064.0
2cond_producer,200,100,176,standard,4752632.0
2cond_consumer,200,100,177,standard,4671496.0
2cond_producer,200,100,177,standard,4751280.0
2cond_consumer,200,100,178,standard,4845666.0
2cond_producer,200,100,178,standard,4784901.0
2cond_consumer,200,100,179,standard,4806172.0
2cond_producer,200,100,179,standard,4823453.0
2cond_consumer,200,100,180,standard,4899146.0
2cond_producer,200,100,180,standard,4873134.0
2cond_consumer,200,100,181,standard,4861708.0
2cond_producer,200,100,181,standard,4920626.0
2cond_consumer,200,100,182,standard,4970144.0
2cond_producer,200,100,182,standard,4949247.0
2cond_consumer,200,100,183,standard,5001651.0
2cond_producer,200,100,183,standard,4930032.0
2cond_consumer,200,100,184,standard,5041326.0
2cond_producer,200,100,184,standard,4931771.0
2cond_consumer,200,100,185,standard,4907806.0
2cond_producer,200,100,185,standard,5068389.0
2cond_consumer,200,100,186,standard,5115414.0
2cond_producer,200,100,186,standard,5007179.0
2cond_consumer,200,100,187,standard,5008735.0
2cond_producer,200,100,187,standard,5069912.0
2cond_consumer,200,100,188,standard,5168401.0
2cond_producer,200,100,188,standard,5035522.0
2cond_consumer,200,100,189,standard,5176415.0
2cond_producer,200,100,189,standard,5045541.0
2cond_consumer,200,100,190,standard,5115359.0
2cond_producer,200,100,190,standard,5088562.0
2cond_consumer,200,100,191,standard,5118053.0
2cond_producer,200,100,191,standard,5163281.0
2cond_consumer,200,100,192,standard,5194934.0
2cond_producer,200,100,192,standard,5282200.0
2cond_consumer,200,100,193,standard,5114671.0
2cond_producer,200,100,193,standard,5235677.0
2cond_consumer,200,100,194,standard,5320206.0
2cond_producer,200,100,194,standard,5174187.0
2cond_consumer,200,100,195,standard,5250448.0
2cond_producer,200,100,195,standard,5190162.0
2cond_consumer,200,100,196,standard,5215705.0
2cond_producer,200,100,196,standard,5361352.0
2cond_consumer,200,100,197,standard,5369072.0
2cond_producer,200,100,197,standard,5300390.0
2cond_consumer,200,100,198,standard,5371198.0
2cond_producer,200,100,198,standard,5338008.0
2cond_consumer,200,100,199,standard,5437134.0
2cond_producer,200,100,199,standard,5478567.0
