function,bufferSize,PKNumber,id,genName,CPUTime
3lock_producer,20,10,0,standard,343750000
3lock_consumer,20,10,0,standard,265625000
3lock_producer,20,10,1,standard,281250000
3lock_consumer,20,10,1,standard,328125000
3lock_producer,20,10,2,standard,140625000
3lock_consumer,20,10,2,standard,171875000
3lock_producer,20,10,3,standard,250000000
3lock_consumer,20,10,3,standard,453125000
3lock_producer,20,10,4,standard,281250000
3lock_consumer,20,10,4,standard,312500000
3lock_producer,20,10,5,standard,343750000
3lock_consumer,20,10,5,standard,343750000
3lock_producer,20,10,6,standard,250000000
3lock_consumer,20,10,6,standard,171875000
3lock_producer,20,10,7,standard,281250000
3lock_consumer,20,10,7,standard,234375000
3lock_producer,20,10,8,standard,203125000
3lock_consumer,20,10,8,standard,281250000
3lock_producer,20,10,9,standard,234375000
3lock_consumer,20,10,9,standard,203125000
2cond_producer,20,10,0,standard,109375000
2cond_consumer,20,10,0,standard,140625000
2cond_producer,20,10,1,standard,171875000
2cond_consumer,20,10,1,standard,78125000
2cond_producer,20,10,2,standard,140625000
2cond_consumer,20,10,2,standard,156250000
2cond_producer,20,10,3,standard,109375000
2cond_consumer,20,10,3,standard,156250000
2cond_producer,20,10,4,standard,125000000
2cond_consumer,20,10,4,standard,93750000
2cond_producer,20,10,5,standard,140625000
2cond_consumer,20,10,5,standard,109375000
2cond_producer,20,10,6,standard,78125000
2cond_consumer,20,10,6,standard,187500000
2cond_producer,20,10,7,standard,125000000
2cond_consumer,20,10,7,standard,93750000
2cond_producer,20,10,8,standard,62500000
2cond_consumer,20,10,8,standard,125000000
2cond_producer,20,10,9,standard,62500000
2cond_consumer,20,10,9,standard,62500000
4cond_producer,20,10,0,standard,78125000
4cond_consumer,20,10,0,standard,93750000
4cond_producer,20,10,1,standard,62500000
4cond_consumer,20,10,1,standard,78125000
4cond_producer,20,10,2,standard,109375000
4cond_consumer,20,10,2,standard,218750000
4cond_producer,20,10,3,standard,156250000
4cond_consumer,20,10,3,standard,125000000
4cond_producer,20,10,4,standard,250000000
4cond_consumer,20,10,4,standard,109375000
4cond_producer,20,10,5,standard,31250000
4cond_consumer,20,10,5,standard,140625000
4cond_producer,20,10,6,standard,171875000
4cond_consumer,20,10,6,standard,78125000
4cond_producer,20,10,7,standard,125000000
4cond_consumer,20,10,7,standard,187500000
4cond_producer,20,10,8,standard,62500000
4cond_consumer,20,10,8,standard,93750000
4cond_producer,20,10,9,standard,93750000
4cond_consumer,20,10,9,standard,140625000
3lock_producer,200,100,0,standard,15625000
3lock_consumer,200,100,0,standard,0
3lock_producer,200,100,1,standard,93750000
3lock_consumer,200,100,1,standard,62500000
3lock_producer,200,100,2,standard,15625000
3lock_consumer,200,100,2,standard,46875000
3lock_producer,200,100,3,standard,46875000
3lock_consumer,200,100,3,standard,46875000
3lock_producer,200,100,4,standard,15625000
3lock_consumer,200,100,4,standard,31250000
3lock_producer,200,100,5,standard,15625000
3lock_consumer,200,100,5,standard,15625000
3lock_producer,200,100,6,standard,46875000
3lock_consumer,200,100,6,standard,0
3lock_producer,200,100,7,standard,15625000
3lock_consumer,200,100,7,standard,31250000
3lock_producer,200,100,8,standard,31250000
3lock_consumer,200,100,8,standard,46875000
3lock_producer,200,100,9,standard,0
3lock_consumer,200,100,9,standard,0
3lock_producer,200,100,10,standard,31250000
3lock_consumer,200,100,10,standard,15625000
3lock_producer,200,100,11,standard,31250000
3lock_consumer,200,100,11,standard,46875000
3lock_producer,200,100,12,standard,15625000
3lock_consumer,200,100,12,standard,125000000
3lock_producer,200,100,13,standard,0
3lock_consumer,200,100,13,standard,31250000
3lock_producer,200,100,14,standard,62500000
3lock_consumer,200,100,14,standard,0
3lock_producer,200,100,15,standard,15625000
3lock_consumer,200,100,15,standard,31250000
3lock_producer,200,100,16,standard,15625000
3lock_consumer,200,100,16,standard,62500000
3lock_producer,200,100,17,standard,15625000
3lock_consumer,200,100,17,standard,31250000
3lock_producer,200,100,18,standard,31250000
3lock_consumer,200,100,18,standard,15625000
3lock_producer,200,100,19,standard,15625000
3lock_consumer,200,100,19,standard,46875000
3lock_producer,200,100,20,standard,15625000
3lock_consumer,200,100,20,standard,78125000
3lock_producer,200,100,21,standard,31250000
3lock_consumer,200,100,21,standard,15625000
3lock_producer,200,100,22,standard,15625000
3lock_consumer,200,100,22,standard,31250000
3lock_producer,200,100,23,standard,15625000
3lock_consumer,200,100,23,standard,31250000
3lock_producer,200,100,24,standard,46875000
3lock_consumer,200,100,24,standard,46875000
3lock_producer,200,100,25,standard,46875000
3lock_consumer,200,100,25,standard,46875000
3lock_producer,200,100,26,standard,62500000
3lock_consumer,200,100,26,standard,0
3lock_producer,200,100,27,standard,31250000
3lock_consumer,200,100,27,standard,62500000
3lock_producer,200,100,28,standard,46875000
3lock_consumer,200,100,28,standard,46875000
3lock_producer,200,100,29,standard,15625000
3lock_consumer,200,100,29,standard,15625000
3lock_producer,200,100,30,standard,0
3lock_consumer,200,100,30,standard,0
3lock_producer,200,100,31,standard,31250000
3lock_consumer,200,100,31,standard,15625000
3lock_producer,200,100,32,standard,15625000
3lock_consumer,200,100,32,standard,31250000
3lock_producer,200,100,33,standard,0
3lock_consumer,200,100,33,standard,31250000
3lock_producer,200,100,34,standard,46875000
3lock_consumer,200,100,34,standard,15625000
3lock_producer,200,100,35,standard,93750000
3lock_consumer,200,100,35,standard,93750000
3lock_producer,200,100,36,standard,0
3lock_consumer,200,100,36,standard,46875000
3lock_producer,200,100,37,standard,46875000
3lock_consumer,200,100,37,standard,93750000
3lock_producer,200,100,38,standard,31250000
3lock_consumer,200,100,38,standard,15625000
3lock_producer,200,100,39,standard,0
3lock_consumer,200,100,39,standard,62500000
3lock_producer,200,100,40,standard,15625000
3lock_consumer,200,100,40,standard,46875000
3lock_producer,200,100,41,standard,31250000
3lock_consumer,200,100,41,standard,46875000
3lock_producer,200,100,42,standard,31250000
3lock_consumer,200,100,42,standard,31250000
3lock_producer,200,100,43,standard,46875000
3lock_consumer,200,100,43,standard,125000000
3lock_producer,200,100,44,standard,31250000
3lock_consumer,200,100,44,standard,15625000
3lock_producer,200,100,45,standard,62500000
3lock_consumer,200,100,45,standard,15625000
3lock_producer,200,100,46,standard,31250000
3lock_consumer,200,100,46,standard,93750000
3lock_producer,200,100,47,standard,31250000
3lock_consumer,200,100,47,standard,31250000
3lock_producer,200,100,48,standard,15625000
3lock_consumer,200,100,48,standard,31250000
3lock_producer,200,100,49,standard,31250000
3lock_consumer,200,100,49,standard,109375000
3lock_producer,200,100,50,standard,46875000
3lock_consumer,200,100,50,standard,31250000
3lock_producer,200,100,51,standard,0
3lock_consumer,200,100,51,standard,15625000
3lock_producer,200,100,52,standard,31250000
3lock_consumer,200,100,52,standard,15625000
3lock_producer,200,100,53,standard,15625000
3lock_consumer,200,100,53,standard,78125000
3lock_producer,200,100,54,standard,31250000
3lock_consumer,200,100,54,standard,15625000
3lock_producer,200,100,55,standard,46875000
3lock_consumer,200,100,55,standard,62500000
3lock_producer,200,100,56,standard,15625000
3lock_consumer,200,100,56,standard,15625000
3lock_producer,200,100,57,standard,62500000
3lock_consumer,200,100,57,standard,31250000
3lock_producer,200,100,58,standard,0
3lock_consumer,200,100,58,standard,31250000
3lock_producer,200,100,59,standard,15625000
3lock_consumer,200,100,59,standard,31250000
3lock_producer,200,100,60,standard,0
3lock_consumer,200,100,60,standard,0
3lock_producer,200,100,61,standard,31250000
3lock_consumer,200,100,61,standard,31250000
3lock_producer,200,100,62,standard,15625000
3lock_consumer,200,100,62,standard,31250000
3lock_producer,200,100,63,standard,15625000
3lock_consumer,200,100,63,standard,15625000
3lock_producer,200,100,64,standard,46875000
3lock_consumer,200,100,64,standard,15625000
3lock_producer,200,100,65,standard,31250000
3lock_consumer,200,100,65,standard,31250000
3lock_producer,200,100,66,standard,0
3lock_consumer,200,100,66,standard,78125000
3lock_producer,200,100,67,standard,31250000
3lock_consumer,200,100,67,standard,62500000
3lock_producer,200,100,68,standard,31250000
3lock_consumer,200,100,68,standard,31250000
3lock_producer,200,100,69,standard,46875000
3lock_consumer,200,100,69,standard,78125000
3lock_producer,200,100,70,standard,0
3lock_consumer,200,100,70,standard,31250000
3lock_producer,200,100,71,standard,15625000
3lock_consumer,200,100,71,standard,0
3lock_producer,200,100,72,standard,31250000
3lock_consumer,200,100,72,standard,46875000
3lock_producer,200,100,73,standard,31250000
3lock_consumer,200,100,73,standard,62500000
3lock_producer,200,100,74,standard,31250000
3lock_consumer,200,100,74,standard,0
3lock_producer,200,100,75,standard,46875000
3lock_consumer,200,100,75,standard,15625000
3lock_producer,200,100,76,standard,46875000
3lock_consumer,200,100,76,standard,31250000
3lock_producer,200,100,77,standard,0
3lock_consumer,200,100,77,standard,31250000
3lock_producer,200,100,78,standard,31250000
3lock_consumer,200,100,78,standard,62500000
3lock_producer,200,100,79,standard,15625000
3lock_consumer,200,100,79,standard,31250000
3lock_producer,200,100,80,standard,0
3lock_consumer,200,100,80,standard,15625000
3lock_producer,200,100,81,standard,31250000
3lock_consumer,200,100,81,standard,15625000
3lock_producer,200,100,82,standard,15625000
3lock_consumer,200,100,82,standard,46875000
3lock_producer,200,100,83,standard,0
3lock_consumer,200,100,83,standard,46875000
3lock_producer,200,100,84,standard,15625000
3lock_consumer,200,100,84,standard,31250000
3lock_producer,200,100,85,standard,31250000
3lock_consumer,200,100,85,standard,31250000
3lock_producer,200,100,86,standard,15625000
3lock_consumer,200,100,86,standard,31250000
3lock_producer,200,100,87,standard,15625000
3lock_consumer,200,100,87,standard,46875000
3lock_producer,200,100,88,standard,15625000
3lock_consumer,200,100,88,standard,31250000
3lock_producer,200,100,89,standard,31250000
3lock_consumer,200,100,89,standard,15625000
3lock_producer,200,100,90,standard,31250000
3lock_consumer,200,100,90,standard,78125000
3lock_producer,200,100,91,standard,15625000
3lock_consumer,200,100,91,standard,46875000
3lock_producer,200,100,92,standard,31250000
3lock_consumer,200,100,92,standard,62500000
3lock_producer,200,100,93,standard,31250000
3lock_consumer,200,100,93,standard,0
3lock_producer,200,100,94,standard,0
3lock_consumer,200,100,94,standard,31250000
3lock_producer,200,100,95,standard,31250000
3lock_consumer,200,100,95,standard,31250000
3lock_producer,200,100,96,standard,15625000
3lock_consumer,200,100,96,standard,78125000
3lock_producer,200,100,97,standard,15625000
3lock_consumer,200,100,97,standard,0
3lock_producer,200,100,98,standard,15625000
3lock_consumer,200,100,98,standard,46875000
3lock_producer,200,100,99,standard,0
3lock_consumer,200,100,99,standard,46875000
2cond_producer,200,100,0,standard,62500000
2cond_consumer,200,100,0,standard,46875000
2cond_producer,200,100,1,standard,15625000
2cond_consumer,200,100,1,standard,0
2cond_producer,200,100,2,standard,15625000
2cond_consumer,200,100,2,standard,15625000
2cond_producer,200,100,3,standard,15625000
2cond_consumer,200,100,3,standard,0
2cond_producer,200,100,4,standard,15625000
2cond_consumer,200,100,4,standard,46875000
2cond_producer,200,100,5,standard,15625000
2cond_consumer,200,100,5,standard,0
2cond_producer,200,100,6,standard,15625000
2cond_consumer,200,100,6,standard,0
2cond_producer,200,100,7,standard,15625000
2cond_consumer,200,100,7,standard,15625000
2cond_producer,200,100,8,standard,15625000
2cond_consumer,200,100,8,standard,15625000
2cond_producer,200,100,9,standard,31250000
2cond_consumer,200,100,9,standard,0
2cond_producer,200,100,10,standard,62500000
2cond_consumer,200,100,10,standard,46875000
2cond_producer,200,100,11,standard,0
2cond_consumer,200,100,11,standard,31250000
2cond_producer,200,100,12,standard,78125000
2cond_consumer,200,100,12,standard,0
2cond_producer,200,100,13,standard,0
2cond_consumer,200,100,13,standard,0
2cond_producer,200,100,14,standard,0
2cond_consumer,200,100,14,standard,31250000
2cond_producer,200,100,15,standard,0
2cond_consumer,200,100,15,standard,31250000
2cond_producer,200,100,16,standard,0
2cond_consumer,200,100,16,standard,15625000
2cond_producer,200,100,17,standard,15625000
2cond_consumer,200,100,17,standard,15625000
2cond_producer,200,100,18,standard,31250000
2cond_consumer,200,100,18,standard,0
2cond_producer,200,100,19,standard,31250000
2cond_consumer,200,100,19,standard,0
2cond_producer,200,100,20,standard,0
2cond_consumer,200,100,20,standard,46875000
2cond_producer,200,100,21,standard,46875000
2cond_consumer,200,100,21,standard,15625000
2cond_producer,200,100,22,standard,0
2cond_consumer,200,100,22,standard,46875000
2cond_producer,200,100,23,standard,0
2cond_consumer,200,100,23,standard,15625000
2cond_producer,200,100,24,standard,46875000
2cond_consumer,200,100,24,standard,31250000
2cond_producer,200,100,25,standard,31250000
2cond_consumer,200,100,25,standard,0
2cond_producer,200,100,26,standard,31250000
2cond_consumer,200,100,26,standard,15625000
2cond_producer,200,100,27,standard,15625000
2cond_consumer,200,100,27,standard,15625000
2cond_producer,200,100,28,standard,15625000
2cond_consumer,200,100,28,standard,15625000
2cond_producer,200,100,29,standard,15625000
2cond_consumer,200,100,29,standard,15625000
2cond_producer,200,100,30,standard,15625000
2cond_consumer,200,100,30,standard,46875000
2cond_producer,200,100,31,standard,0
2cond_consumer,200,100,31,standard,31250000
2cond_producer,200,100,32,standard,15625000
2cond_consumer,200,100,32,standard,0
2cond_producer,200,100,33,standard,15625000
2cond_consumer,200,100,33,standard,15625000
2cond_producer,200,100,34,standard,15625000
2cond_consumer,200,100,34,standard,31250000
2cond_producer,200,100,35,standard,31250000
2cond_consumer,200,100,35,standard,15625000
2cond_producer,200,100,36,standard,0
2cond_consumer,200,100,36,standard,15625000
2cond_producer,200,100,37,standard,109375000
2cond_consumer,200,100,37,standard,15625000
2cond_producer,200,100,38,standard,31250000
2cond_consumer,200,100,38,standard,31250000
2cond_producer,200,100,39,standard,0
2cond_consumer,200,100,39,standard,15625000
2cond_producer,200,100,40,standard,15625000
2cond_consumer,200,100,40,standard,15625000
2cond_producer,200,100,41,standard,0
2cond_consumer,200,100,41,standard,15625000
2cond_producer,200,100,42,standard,15625000
2cond_consumer,200,100,42,standard,31250000
2cond_producer,200,100,43,standard,15625000
2cond_consumer,200,100,43,standard,0
2cond_producer,200,100,44,standard,0
2cond_consumer,200,100,44,standard,0
2cond_producer,200,100,45,standard,31250000
2cond_consumer,200,100,45,standard,0
2cond_producer,200,100,46,standard,15625000
2cond_consumer,200,100,46,standard,15625000
2cond_producer,200,100,47,standard,46875000
2cond_consumer,200,100,47,standard,0
2cond_producer,200,100,48,standard,15625000
2cond_consumer,200,100,48,standard,46875000
2cond_producer,200,100,49,standard,0
2cond_consumer,200,100,49,standard,0
2cond_producer,200,100,50,standard,15625000
2cond_consumer,200,100,50,standard,0
2cond_producer,200,100,51,standard,0
2cond_consumer,200,100,51,standard,0
2cond_producer,200,100,52,standard,15625000
2cond_consumer,200,100,52,standard,31250000
2cond_producer,200,100,53,standard,15625000
2cond_consumer,200,100,53,standard,0
2cond_producer,200,100,54,standard,0
2cond_consumer,200,100,54,standard,0
2cond_producer,200,100,55,standard,15625000
2cond_consumer,200,100,55,standard,0
2cond_producer,200,100,56,standard,0
2cond_consumer,200,100,56,standard,15625000
2cond_producer,200,100,57,standard,31250000
2cond_consumer,200,100,57,standard,15625000
2cond_producer,200,100,58,standard,0
2cond_consumer,200,100,58,standard,0
2cond_producer,200,100,59,standard,15625000
2cond_consumer,200,100,59,standard,0
2cond_producer,200,100,60,standard,0
2cond_consumer,200,100,60,standard,15625000
2cond_producer,200,100,61,standard,15625000
2cond_consumer,200,100,61,standard,15625000
2cond_producer,200,100,62,standard,78125000
2cond_consumer,200,100,62,standard,46875000
2cond_producer,200,100,63,standard,0
2cond_consumer,200,100,63,standard,0
2cond_producer,200,100,64,standard,15625000
2cond_consumer,200,100,64,standard,0
2cond_producer,200,100,65,standard,15625000
2cond_consumer,200,100,65,standard,31250000
2cond_producer,200,100,66,standard,15625000
2cond_consumer,200,100,66,standard,31250000
2cond_producer,200,100,67,standard,15625000
2cond_consumer,200,100,67,standard,31250000
2cond_producer,200,100,68,standard,15625000
2cond_consumer,200,100,68,standard,0
2cond_producer,200,100,69,standard,0
2cond_consumer,200,100,69,standard,15625000
2cond_producer,200,100,70,standard,0
2cond_consumer,200,100,70,standard,15625000
2cond_producer,200,100,71,standard,0
2cond_consumer,200,100,71,standard,0
2cond_producer,200,100,72,standard,15625000
2cond_consumer,200,100,72,standard,31250000
2cond_producer,200,100,73,standard,0
2cond_consumer,200,100,73,standard,0
2cond_producer,200,100,74,standard,31250000
2cond_consumer,200,100,74,standard,15625000
2cond_producer,200,100,75,standard,46875000
2cond_consumer,200,100,75,standard,31250000
2cond_producer,200,100,76,standard,0
2cond_consumer,200,100,76,standard,15625000
2cond_producer,200,100,77,standard,0
2cond_consumer,200,100,77,standard,0
2cond_producer,200,100,78,standard,46875000
2cond_consumer,200,100,78,standard,0
2cond_producer,200,100,79,standard,0
2cond_consumer,200,100,79,standard,15625000
2cond_producer,200,100,80,standard,0
2cond_consumer,200,100,80,standard,0
2cond_producer,200,100,81,standard,0
2cond_consumer,200,100,81,standard,0
2cond_producer,200,100,82,standard,0
2cond_consumer,200,100,82,standard,0
2cond_producer,200,100,83,standard,46875000
2cond_consumer,200,100,83,standard,0
2cond_producer,200,100,84,standard,46875000
2cond_consumer,200,100,84,standard,46875000
2cond_producer,200,100,85,standard,15625000
2cond_consumer,200,100,85,standard,62500000
2cond_producer,200,100,86,standard,78125000
2cond_consumer,200,100,86,standard,62500000
2cond_producer,200,100,87,standard,0
2cond_consumer,200,100,87,standard,0
2cond_producer,200,100,88,standard,0
2cond_consumer,200,100,88,standard,15625000
2cond_producer,200,100,89,standard,0
2cond_consumer,200,100,89,standard,0
2cond_producer,200,100,90,standard,0
2cond_consumer,200,100,90,standard,0
2cond_producer,200,100,91,standard,0
2cond_consumer,200,100,91,standard,0
2cond_producer,200,100,92,standard,46875000
2cond_consumer,200,100,92,standard,15625000
2cond_producer,200,100,93,standard,15625000
2cond_consumer,200,100,93,standard,0
2cond_producer,200,100,94,standard,0
2cond_consumer,200,100,94,standard,0
2cond_producer,200,100,95,standard,0
2cond_consumer,200,100,95,standard,15625000
2cond_producer,200,100,96,standard,46875000
2cond_consumer,200,100,96,standard,0
2cond_producer,200,100,97,standard,46875000
2cond_consumer,200,100,97,standard,46875000
2cond_producer,200,100,98,standard,46875000
2cond_consumer,200,100,98,standard,15625000
2cond_producer,200,100,99,standard,0
2cond_consumer,200,100,99,standard,0
4cond_producer,200,100,0,standard,0
4cond_consumer,200,100,0,standard,0
4cond_producer,200,100,1,standard,0
4cond_consumer,200,100,1,standard,0
4cond_producer,200,100,2,standard,15625000
4cond_consumer,200,100,2,standard,15625000
4cond_producer,200,100,3,standard,15625000
4cond_consumer,200,100,3,standard,0
4cond_producer,200,100,4,standard,15625000
4cond_consumer,200,100,4,standard,0
4cond_producer,200,100,5,standard,15625000
4cond_consumer,200,100,5,standard,15625000
4cond_producer,200,100,6,standard,0
4cond_consumer,200,100,6,standard,0
4cond_producer,200,100,7,standard,15625000
4cond_consumer,200,100,7,standard,31250000
4cond_producer,200,100,8,standard,31250000
4cond_consumer,200,100,8,standard,31250000
4cond_producer,200,100,9,standard,15625000
4cond_consumer,200,100,9,standard,46875000
4cond_producer,200,100,10,standard,0
4cond_consumer,200,100,10,standard,0
4cond_producer,200,100,11,standard,0
4cond_consumer,200,100,11,standard,15625000
4cond_producer,200,100,12,standard,31250000
4cond_consumer,200,100,12,standard,31250000
4cond_producer,200,100,13,standard,0
4cond_consumer,200,100,13,standard,0
4cond_producer,200,100,14,standard,15625000
4cond_consumer,200,100,14,standard,15625000
4cond_producer,200,100,15,standard,15625000
4cond_consumer,200,100,15,standard,31250000
4cond_producer,200,100,16,standard,31250000
4cond_consumer,200,100,16,standard,15625000
4cond_producer,200,100,17,standard,0
4cond_consumer,200,100,17,standard,0
4cond_producer,200,100,18,standard,0
4cond_consumer,200,100,18,standard,0
4cond_producer,200,100,19,standard,31250000
4cond_consumer,200,100,19,standard,0
4cond_producer,200,100,20,standard,15625000
4cond_consumer,200,100,20,standard,0
4cond_producer,200,100,21,standard,15625000
4cond_consumer,200,100,21,standard,31250000
4cond_producer,200,100,22,standard,0
4cond_consumer,200,100,22,standard,0
4cond_producer,200,100,23,standard,15625000
4cond_consumer,200,100,23,standard,15625000
4cond_producer,200,100,24,standard,46875000
4cond_consumer,200,100,24,standard,0
4cond_producer,200,100,25,standard,0
4cond_consumer,200,100,25,standard,31250000
4cond_producer,200,100,26,standard,62500000
4cond_consumer,200,100,26,standard,15625000
4cond_producer,200,100,27,standard,31250000
4cond_consumer,200,100,27,standard,15625000
4cond_producer,200,100,28,standard,0
4cond_consumer,200,100,28,standard,15625000
4cond_producer,200,100,29,standard,15625000
4cond_consumer,200,100,29,standard,62500000
4cond_producer,200,100,30,standard,0
4cond_consumer,200,100,30,standard,0
4cond_producer,200,100,31,standard,0
4cond_consumer,200,100,31,standard,15625000
4cond_producer,200,100,32,standard,0
4cond_consumer,200,100,32,standard,0
4cond_producer,200,100,33,standard,46875000
4cond_consumer,200,100,33,standard,15625000
4cond_producer,200,100,34,standard,0
4cond_consumer,200,100,34,standard,0
4cond_producer,200,100,35,standard,15625000
4cond_consumer,200,100,35,standard,46875000
4cond_producer,200,100,36,standard,15625000
4cond_consumer,200,100,36,standard,15625000
4cond_producer,200,100,37,standard,46875000
4cond_consumer,200,100,37,standard,46875000
4cond_producer,200,100,38,standard,15625000
4cond_consumer,200,100,38,standard,31250000
4cond_producer,200,100,39,standard,0
4cond_consumer,200,100,39,standard,15625000
4cond_producer,200,100,40,standard,0
4cond_consumer,200,100,40,standard,15625000
4cond_producer,200,100,41,standard,0
4cond_consumer,200,100,41,standard,0
4cond_producer,200,100,42,standard,15625000
4cond_consumer,200,100,42,standard,46875000
4cond_producer,200,100,43,standard,0
4cond_consumer,200,100,43,standard,0
4cond_producer,200,100,44,standard,46875000
4cond_consumer,200,100,44,standard,0
4cond_producer,200,100,45,standard,0
4cond_consumer,200,100,45,standard,15625000
4cond_producer,200,100,46,standard,15625000
4cond_consumer,200,100,46,standard,31250000
4cond_producer,200,100,47,standard,15625000
4cond_consumer,200,100,47,standard,78125000
4cond_producer,200,100,48,standard,15625000
4cond_consumer,200,100,48,standard,0
4cond_producer,200,100,49,standard,31250000
4cond_consumer,200,100,49,standard,31250000
4cond_producer,200,100,50,standard,15625000
4cond_consumer,200,100,50,standard,0
4cond_producer,200,100,51,standard,31250000
4cond_consumer,200,100,51,standard,0
4cond_producer,200,100,52,standard,15625000
4cond_consumer,200,100,52,standard,31250000
4cond_producer,200,100,53,standard,0
4cond_consumer,200,100,53,standard,62500000
4cond_producer,200,100,54,standard,15625000
4cond_consumer,200,100,54,standard,78125000
4cond_producer,200,100,55,standard,0
4cond_consumer,200,100,55,standard,15625000
4cond_producer,200,100,56,standard,93750000
4cond_consumer,200,100,56,standard,0
4cond_producer,200,100,57,standard,15625000
4cond_consumer,200,100,57,standard,46875000
4cond_producer,200,100,58,standard,0
4cond_consumer,200,100,58,standard,46875000
4cond_producer,200,100,59,standard,31250000
4cond_consumer,200,100,59,standard,15625000
4cond_producer,200,100,60,standard,15625000
4cond_consumer,200,100,60,standard,0
4cond_producer,200,100,61,standard,31250000
4cond_consumer,200,100,61,standard,15625000
4cond_producer,200,100,62,standard,46875000
4cond_consumer,200,100,62,standard,15625000
4cond_producer,200,100,63,standard,0
4cond_consumer,200,100,63,standard,15625000
4cond_producer,200,100,64,standard,0
4cond_consumer,200,100,64,standard,0
4cond_producer,200,100,65,standard,15625000
4cond_consumer,200,100,65,standard,0
4cond_producer,200,100,66,standard,0
4cond_consumer,200,100,66,standard,0
4cond_producer,200,100,67,standard,0
4cond_consumer,200,100,67,standard,0
4cond_producer,200,100,68,standard,0
4cond_consumer,200,100,68,standard,0
4cond_producer,200,100,69,standard,15625000
4cond_consumer,200,100,69,standard,0
4cond_producer,200,100,70,standard,0
4cond_consumer,200,100,70,standard,0
4cond_producer,200,100,71,standard,15625000
4cond_consumer,200,100,71,standard,46875000
4cond_producer,200,100,72,standard,15625000
4cond_consumer,200,100,72,standard,15625000
4cond_producer,200,100,73,standard,46875000
4cond_consumer,200,100,73,standard,0
4cond_producer,200,100,74,standard,31250000
4cond_consumer,200,100,74,standard,0
4cond_producer,200,100,75,standard,0
4cond_consumer,200,100,75,standard,15625000
4cond_producer,200,100,76,standard,31250000
4cond_consumer,200,100,76,standard,15625000
4cond_producer,200,100,77,standard,0
4cond_consumer,200,100,77,standard,62500000
4cond_producer,200,100,78,standard,0
4cond_consumer,200,100,78,standard,0
4cond_producer,200,100,79,standard,31250000
4cond_consumer,200,100,79,standard,0
4cond_producer,200,100,80,standard,15625000
4cond_consumer,200,100,80,standard,0
4cond_producer,200,100,81,standard,46875000
4cond_consumer,200,100,81,standard,15625000
4cond_producer,200,100,82,standard,0
4cond_consumer,200,100,82,standard,15625000
4cond_producer,200,100,83,standard,15625000
4cond_consumer,200,100,83,standard,0
4cond_producer,200,100,84,standard,15625000
4cond_consumer,200,100,84,standard,15625000
4cond_producer,200,100,85,standard,31250000
4cond_consumer,200,100,85,standard,0
4cond_producer,200,100,86,standard,46875000
4cond_consumer,200,100,86,standard,15625000
4cond_producer,200,100,87,standard,31250000
4cond_consumer,200,100,87,standard,15625000
4cond_producer,200,100,88,standard,15625000
4cond_consumer,200,100,88,standard,15625000
4cond_producer,200,100,89,standard,31250000
4cond_consumer,200,100,89,standard,0
4cond_producer,200,100,90,standard,15625000
4cond_consumer,200,100,90,standard,31250000
4cond_producer,200,100,91,standard,15625000
4cond_consumer,200,100,91,standard,15625000
4cond_producer,200,100,92,standard,46875000
4cond_consumer,200,100,92,standard,15625000
4cond_producer,200,100,93,standard,0
4cond_consumer,200,100,93,standard,31250000
4cond_producer,200,100,94,standard,31250000
4cond_consumer,200,100,94,standard,15625000
4cond_producer,200,100,95,standard,0
4cond_consumer,200,100,95,standard,0
4cond_producer,200,100,96,standard,31250000
4cond_consumer,200,100,96,standard,0
4cond_producer,200,100,97,standard,0
4cond_consumer,200,100,97,standard,46875000
4cond_producer,200,100,98,standard,15625000
4cond_consumer,200,100,98,standard,0
4cond_producer,200,100,99,standard,0
4cond_consumer,200,100,99,standard,0
3lock_producer,20,100,0,standard,31250000
3lock_consumer,20,100,0,standard,15625000
3lock_producer,20,100,1,standard,15625000
3lock_consumer,20,100,1,standard,46875000
3lock_producer,20,100,2,standard,31250000
3lock_consumer,20,100,2,standard,62500000
3lock_producer,20,100,3,standard,31250000
3lock_consumer,20,100,3,standard,0
3lock_producer,20,100,4,standard,15625000
3lock_consumer,20,100,4,standard,31250000
3lock_producer,20,100,5,standard,31250000
3lock_consumer,20,100,5,standard,15625000
3lock_producer,20,100,6,standard,31250000
3lock_consumer,20,100,6,standard,31250000
3lock_producer,20,100,7,standard,62500000
3lock_consumer,20,100,7,standard,46875000
3lock_producer,20,100,8,standard,15625000
3lock_consumer,20,100,8,standard,0
3lock_producer,20,100,9,standard,31250000
3lock_consumer,20,100,9,standard,0
3lock_producer,20,100,10,standard,31250000
3lock_consumer,20,100,10,standard,15625000
3lock_producer,20,100,11,standard,62500000
3lock_consumer,20,100,11,standard,0
3lock_producer,20,100,12,standard,15625000
3lock_consumer,20,100,12,standard,46875000
3lock_producer,20,100,13,standard,78125000
3lock_consumer,20,100,13,standard,15625000
3lock_producer,20,100,14,standard,62500000
3lock_consumer,20,100,14,standard,0
3lock_producer,20,100,15,standard,15625000
3lock_consumer,20,100,15,standard,0
3lock_producer,20,100,16,standard,0
3lock_consumer,20,100,16,standard,15625000
3lock_producer,20,100,17,standard,62500000
3lock_consumer,20,100,17,standard,31250000
3lock_producer,20,100,18,standard,46875000
3lock_consumer,20,100,18,standard,15625000
3lock_producer,20,100,19,standard,46875000
3lock_consumer,20,100,19,standard,31250000
3lock_producer,20,100,20,standard,15625000
3lock_consumer,20,100,20,standard,15625000
3lock_producer,20,100,21,standard,15625000
3lock_consumer,20,100,21,standard,15625000
3lock_producer,20,100,22,standard,15625000
3lock_consumer,20,100,22,standard,46875000
3lock_producer,20,100,23,standard,31250000
3lock_consumer,20,100,23,standard,62500000
3lock_producer,20,100,24,standard,15625000
3lock_consumer,20,100,24,standard,62500000
3lock_producer,20,100,25,standard,15625000
3lock_consumer,20,100,25,standard,15625000
3lock_producer,20,100,26,standard,31250000
3lock_consumer,20,100,26,standard,62500000
3lock_producer,20,100,27,standard,15625000
3lock_consumer,20,100,27,standard,31250000
3lock_producer,20,100,28,standard,0
3lock_consumer,20,100,28,standard,0
3lock_producer,20,100,29,standard,46875000
3lock_consumer,20,100,29,standard,15625000
3lock_producer,20,100,30,standard,0
3lock_consumer,20,100,30,standard,46875000
3lock_producer,20,100,31,standard,15625000
3lock_consumer,20,100,31,standard,0
3lock_producer,20,100,32,standard,0
3lock_consumer,20,100,32,standard,0
3lock_producer,20,100,33,standard,15625000
3lock_consumer,20,100,33,standard,31250000
3lock_producer,20,100,34,standard,15625000
3lock_consumer,20,100,34,standard,31250000
3lock_producer,20,100,35,standard,31250000
3lock_consumer,20,100,35,standard,0
3lock_producer,20,100,36,standard,0
3lock_consumer,20,100,36,standard,46875000
3lock_producer,20,100,37,standard,46875000
3lock_consumer,20,100,37,standard,0
3lock_producer,20,100,38,standard,62500000
3lock_consumer,20,100,38,standard,0
3lock_producer,20,100,39,standard,62500000
3lock_consumer,20,100,39,standard,0
3lock_producer,20,100,40,standard,15625000
3lock_consumer,20,100,40,standard,0
3lock_producer,20,100,41,standard,31250000
3lock_consumer,20,100,41,standard,15625000
3lock_producer,20,100,42,standard,0
3lock_consumer,20,100,42,standard,0
3lock_producer,20,100,43,standard,31250000
3lock_consumer,20,100,43,standard,62500000
3lock_producer,20,100,44,standard,15625000
3lock_consumer,20,100,44,standard,15625000
3lock_producer,20,100,45,standard,0
3lock_consumer,20,100,45,standard,15625000
3lock_producer,20,100,46,standard,31250000
3lock_consumer,20,100,46,standard,46875000
3lock_producer,20,100,47,standard,15625000
3lock_consumer,20,100,47,standard,15625000
3lock_producer,20,100,48,standard,15625000
3lock_consumer,20,100,48,standard,46875000
3lock_producer,20,100,49,standard,46875000
3lock_consumer,20,100,49,standard,15625000
3lock_producer,20,100,50,standard,46875000
3lock_consumer,20,100,50,standard,46875000
3lock_producer,20,100,51,standard,46875000
3lock_consumer,20,100,51,standard,62500000
3lock_producer,20,100,52,standard,78125000
3lock_consumer,20,100,52,standard,46875000
3lock_producer,20,100,53,standard,93750000
3lock_consumer,20,100,53,standard,15625000
3lock_producer,20,100,54,standard,46875000
3lock_consumer,20,100,54,standard,46875000
3lock_producer,20,100,55,standard,46875000
3lock_consumer,20,100,55,standard,31250000
3lock_producer,20,100,56,standard,0
3lock_consumer,20,100,56,standard,31250000
3lock_producer,20,100,57,standard,31250000
3lock_consumer,20,100,57,standard,15625000
3lock_producer,20,100,58,standard,15625000
3lock_consumer,20,100,58,standard,15625000
3lock_producer,20,100,59,standard,15625000
3lock_consumer,20,100,59,standard,31250000
3lock_producer,20,100,60,standard,46875000
3lock_consumer,20,100,60,standard,15625000
3lock_producer,20,100,61,standard,62500000
3lock_consumer,20,100,61,standard,15625000
3lock_producer,20,100,62,standard,31250000
3lock_consumer,20,100,62,standard,0
3lock_producer,20,100,63,standard,0
3lock_consumer,20,100,63,standard,31250000
3lock_producer,20,100,64,standard,0
3lock_consumer,20,100,64,standard,46875000
3lock_producer,20,100,65,standard,31250000
3lock_consumer,20,100,65,standard,31250000
3lock_producer,20,100,66,standard,31250000
3lock_consumer,20,100,66,standard,78125000
3lock_producer,20,100,67,standard,15625000
3lock_consumer,20,100,67,standard,31250000
3lock_producer,20,100,68,standard,15625000
3lock_consumer,20,100,68,standard,46875000
3lock_producer,20,100,69,standard,46875000
3lock_consumer,20,100,69,standard,0
3lock_producer,20,100,70,standard,62500000
3lock_consumer,20,100,70,standard,62500000
3lock_producer,20,100,71,standard,78125000
3lock_consumer,20,100,71,standard,78125000
3lock_producer,20,100,72,standard,93750000
3lock_consumer,20,100,72,standard,15625000
3lock_producer,20,100,73,standard,15625000
3lock_consumer,20,100,73,standard,46875000
3lock_producer,20,100,74,standard,15625000
3lock_consumer,20,100,74,standard,31250000
3lock_producer,20,100,75,standard,46875000
3lock_consumer,20,100,75,standard,15625000
3lock_producer,20,100,76,standard,15625000
3lock_consumer,20,100,76,standard,93750000
3lock_producer,20,100,77,standard,15625000
3lock_consumer,20,100,77,standard,46875000
3lock_producer,20,100,78,standard,46875000
3lock_consumer,20,100,78,standard,46875000
3lock_producer,20,100,79,standard,31250000
3lock_consumer,20,100,79,standard,93750000
3lock_producer,20,100,80,standard,31250000
3lock_consumer,20,100,80,standard,31250000
3lock_producer,20,100,81,standard,15625000
3lock_consumer,20,100,81,standard,31250000
3lock_producer,20,100,82,standard,46875000
3lock_consumer,20,100,82,standard,0
3lock_producer,20,100,83,standard,62500000
3lock_consumer,20,100,83,standard,15625000
3lock_producer,20,100,84,standard,15625000
3lock_consumer,20,100,84,standard,0
3lock_producer,20,100,85,standard,31250000
3lock_consumer,20,100,85,standard,15625000
3lock_producer,20,100,86,standard,15625000
3lock_consumer,20,100,86,standard,46875000
3lock_producer,20,100,87,standard,31250000
3lock_consumer,20,100,87,standard,31250000
3lock_producer,20,100,88,standard,0
3lock_consumer,20,100,88,standard,62500000
3lock_producer,20,100,89,standard,62500000
3lock_consumer,20,100,89,standard,78125000
3lock_producer,20,100,90,standard,15625000
3lock_consumer,20,100,90,standard,46875000
3lock_producer,20,100,91,standard,46875000
3lock_consumer,20,100,91,standard,0
3lock_producer,20,100,92,standard,46875000
3lock_consumer,20,100,92,standard,62500000
3lock_producer,20,100,93,standard,31250000
3lock_consumer,20,100,93,standard,0
3lock_producer,20,100,94,standard,62500000
3lock_consumer,20,100,94,standard,62500000
3lock_producer,20,100,95,standard,15625000
3lock_consumer,20,100,95,standard,0
3lock_producer,20,100,96,standard,15625000
3lock_consumer,20,100,96,standard,46875000
3lock_producer,20,100,97,standard,31250000
3lock_consumer,20,100,97,standard,62500000
3lock_producer,20,100,98,standard,46875000
3lock_consumer,20,100,98,standard,31250000
3lock_producer,20,100,99,standard,15625000
3lock_consumer,20,100,99,standard,31250000
2cond_producer,20,100,0,standard,15625000
2cond_consumer,20,100,0,standard,15625000
2cond_producer,20,100,1,standard,0
2cond_consumer,20,100,1,standard,0
2cond_producer,20,100,2,standard,0
2cond_consumer,20,100,2,standard,0
2cond_producer,20,100,3,standard,46875000
2cond_consumer,20,100,3,standard,0
2cond_producer,20,100,4,standard,0
2cond_consumer,20,100,4,standard,0
2cond_producer,20,100,5,standard,15625000
2cond_consumer,20,100,5,standard,0
2cond_producer,20,100,6,standard,31250000
2cond_consumer,20,100,6,standard,46875000
2cond_producer,20,100,7,standard,15625000
2cond_consumer,20,100,7,standard,0
2cond_producer,20,100,8,standard,31250000
2cond_consumer,20,100,8,standard,0
2cond_producer,20,100,9,standard,15625000
2cond_consumer,20,100,9,standard,0
2cond_producer,20,100,10,standard,0
2cond_consumer,20,100,10,standard,31250000
2cond_producer,20,100,11,standard,15625000
2cond_consumer,20,100,11,standard,31250000
2cond_producer,20,100,12,standard,31250000
2cond_consumer,20,100,12,standard,46875000
2cond_producer,20,100,13,standard,15625000
2cond_consumer,20,100,13,standard,15625000
2cond_producer,20,100,14,standard,15625000
2cond_consumer,20,100,14,standard,15625000
2cond_producer,20,100,15,standard,15625000
2cond_consumer,20,100,15,standard,31250000
2cond_producer,20,100,16,standard,0
2cond_consumer,20,100,16,standard,31250000
2cond_producer,20,100,17,standard,0
2cond_consumer,20,100,17,standard,31250000
2cond_producer,20,100,18,standard,15625000
2cond_consumer,20,100,18,standard,62500000
2cond_producer,20,100,19,standard,15625000
2cond_consumer,20,100,19,standard,0
2cond_producer,20,100,20,standard,46875000
2cond_consumer,20,100,20,standard,0
2cond_producer,20,100,21,standard,15625000
2cond_consumer,20,100,21,standard,31250000
2cond_producer,20,100,22,standard,0
2cond_consumer,20,100,22,standard,15625000
2cond_producer,20,100,23,standard,15625000
2cond_consumer,20,100,23,standard,0
2cond_producer,20,100,24,standard,0
2cond_consumer,20,100,24,standard,0
2cond_producer,20,100,25,standard,62500000
2cond_consumer,20,100,25,standard,15625000
2cond_producer,20,100,26,standard,31250000
2cond_consumer,20,100,26,standard,15625000
2cond_producer,20,100,27,standard,15625000
2cond_consumer,20,100,27,standard,0
2cond_producer,20,100,28,standard,62500000
2cond_consumer,20,100,28,standard,46875000
2cond_producer,20,100,29,standard,15625000
2cond_consumer,20,100,29,standard,0
2cond_producer,20,100,30,standard,0
2cond_consumer,20,100,30,standard,15625000
2cond_producer,20,100,31,standard,15625000
2cond_consumer,20,100,31,standard,0
2cond_producer,20,100,32,standard,46875000
2cond_consumer,20,100,32,standard,15625000
2cond_producer,20,100,33,standard,15625000
2cond_consumer,20,100,33,standard,0
2cond_producer,20,100,34,standard,0
2cond_consumer,20,100,34,standard,31250000
2cond_producer,20,100,35,standard,0
2cond_consumer,20,100,35,standard,0
2cond_producer,20,100,36,standard,46875000
2cond_consumer,20,100,36,standard,31250000
2cond_producer,20,100,37,standard,31250000
2cond_consumer,20,100,37,standard,15625000
2cond_producer,20,100,38,standard,46875000
2cond_consumer,20,100,38,standard,15625000
2cond_producer,20,100,39,standard,62500000
2cond_consumer,20,100,39,standard,15625000
2cond_producer,20,100,40,standard,0
2cond_consumer,20,100,40,standard,0
2cond_producer,20,100,41,standard,0
2cond_consumer,20,100,41,standard,15625000
2cond_producer,20,100,42,standard,0
2cond_consumer,20,100,42,standard,0
2cond_producer,20,100,43,standard,0
2cond_consumer,20,100,43,standard,0
2cond_producer,20,100,44,standard,15625000
2cond_consumer,20,100,44,standard,0
2cond_producer,20,100,45,standard,0
2cond_consumer,20,100,45,standard,0
2cond_producer,20,100,46,standard,15625000
2cond_consumer,20,100,46,standard,31250000
2cond_producer,20,100,47,standard,46875000
2cond_consumer,20,100,47,standard,0
2cond_producer,20,100,48,standard,31250000
2cond_consumer,20,100,48,standard,31250000
2cond_producer,20,100,49,standard,0
2cond_consumer,20,100,49,standard,46875000
2cond_producer,20,100,50,standard,31250000
2cond_consumer,20,100,50,standard,46875000
2cond_producer,20,100,51,standard,31250000
2cond_consumer,20,100,51,standard,15625000
2cond_producer,20,100,52,standard,31250000
2cond_consumer,20,100,52,standard,46875000
2cond_producer,20,100,53,standard,0
2cond_consumer,20,100,53,standard,15625000
2cond_producer,20,100,54,standard,15625000
2cond_consumer,20,100,54,standard,31250000
2cond_producer,20,100,55,standard,15625000
2cond_consumer,20,100,55,standard,0
2cond_producer,20,100,56,standard,15625000
2cond_consumer,20,100,56,standard,46875000
2cond_producer,20,100,57,standard,31250000
2cond_consumer,20,100,57,standard,31250000
2cond_producer,20,100,58,standard,0
2cond_consumer,20,100,58,standard,46875000
2cond_producer,20,100,59,standard,15625000
2cond_consumer,20,100,59,standard,15625000
2cond_producer,20,100,60,standard,0
2cond_consumer,20,100,60,standard,31250000
2cond_producer,20,100,61,standard,31250000
2cond_consumer,20,100,61,standard,0
2cond_producer,20,100,62,standard,0
2cond_consumer,20,100,62,standard,31250000
2cond_producer,20,100,63,standard,0
2cond_consumer,20,100,63,standard,15625000
2cond_producer,20,100,64,standard,15625000
2cond_consumer,20,100,64,standard,0
2cond_producer,20,100,65,standard,31250000
2cond_consumer,20,100,65,standard,31250000
2cond_producer,20,100,66,standard,0
2cond_consumer,20,100,66,standard,31250000
2cond_producer,20,100,67,standard,0
2cond_consumer,20,100,67,standard,0
2cond_producer,20,100,68,standard,46875000
2cond_consumer,20,100,68,standard,15625000
2cond_producer,20,100,69,standard,31250000
2cond_consumer,20,100,69,standard,0
2cond_producer,20,100,70,standard,15625000
2cond_consumer,20,100,70,standard,0
2cond_producer,20,100,71,standard,0
2cond_consumer,20,100,71,standard,31250000
2cond_producer,20,100,72,standard,31250000
2cond_consumer,20,100,72,standard,0
2cond_producer,20,100,73,standard,15625000
2cond_consumer,20,100,73,standard,0
2cond_producer,20,100,74,standard,0
2cond_consumer,20,100,74,standard,0
2cond_producer,20,100,75,standard,31250000
2cond_consumer,20,100,75,standard,15625000
2cond_producer,20,100,76,standard,0
2cond_consumer,20,100,76,standard,31250000
2cond_producer,20,100,77,standard,0
2cond_consumer,20,100,77,standard,31250000
2cond_producer,20,100,78,standard,15625000
2cond_consumer,20,100,78,standard,15625000
2cond_producer,20,100,79,standard,15625000
2cond_consumer,20,100,79,standard,31250000
2cond_producer,20,100,80,standard,15625000
2cond_consumer,20,100,80,standard,46875000
2cond_producer,20,100,81,standard,0
2cond_consumer,20,100,81,standard,15625000
2cond_producer,20,100,82,standard,15625000
2cond_consumer,20,100,82,standard,31250000
2cond_producer,20,100,83,standard,31250000
2cond_consumer,20,100,83,standard,0
2cond_producer,20,100,84,standard,62500000
2cond_consumer,20,100,84,standard,15625000
2cond_producer,20,100,85,standard,31250000
2cond_consumer,20,100,85,standard,46875000
2cond_producer,20,100,86,standard,0
2cond_consumer,20,100,86,standard,31250000
2cond_producer,20,100,87,standard,15625000
2cond_consumer,20,100,87,standard,31250000
2cond_producer,20,100,88,standard,15625000
2cond_consumer,20,100,88,standard,15625000
2cond_producer,20,100,89,standard,0
2cond_consumer,20,100,89,standard,15625000
2cond_producer,20,100,90,standard,0
2cond_consumer,20,100,90,standard,31250000
2cond_producer,20,100,91,standard,0
2cond_consumer,20,100,91,standard,15625000
2cond_producer,20,100,92,standard,46875000
2cond_consumer,20,100,92,standard,31250000
2cond_producer,20,100,93,standard,15625000
2cond_consumer,20,100,93,standard,15625000
2cond_producer,20,100,94,standard,0
2cond_consumer,20,100,94,standard,0
2cond_producer,20,100,95,standard,0
2cond_consumer,20,100,95,standard,62500000
2cond_producer,20,100,96,standard,15625000
2cond_consumer,20,100,96,standard,15625000
2cond_producer,20,100,97,standard,31250000
2cond_consumer,20,100,97,standard,0
2cond_producer,20,100,98,standard,15625000
2cond_consumer,20,100,98,standard,31250000
2cond_producer,20,100,99,standard,15625000
2cond_consumer,20,100,99,standard,15625000
4cond_producer,20,100,0,standard,0
4cond_consumer,20,100,0,standard,0
4cond_producer,20,100,1,standard,0
4cond_consumer,20,100,1,standard,0
4cond_producer,20,100,2,standard,15625000
4cond_consumer,20,100,2,standard,15625000
4cond_producer,20,100,3,standard,46875000
4cond_consumer,20,100,3,standard,15625000
4cond_producer,20,100,4,standard,0
4cond_consumer,20,100,4,standard,46875000
4cond_producer,20,100,5,standard,15625000
4cond_consumer,20,100,5,standard,0
4cond_producer,20,100,6,standard,0
4cond_consumer,20,100,6,standard,15625000
4cond_producer,20,100,7,standard,15625000
4cond_consumer,20,100,7,standard,15625000
4cond_producer,20,100,8,standard,0
4cond_consumer,20,100,8,standard,15625000
4cond_producer,20,100,9,standard,31250000
4cond_consumer,20,100,9,standard,15625000
4cond_producer,20,100,10,standard,0
4cond_consumer,20,100,10,standard,15625000
4cond_producer,20,100,11,standard,0
4cond_consumer,20,100,11,standard,15625000
4cond_producer,20,100,12,standard,0
4cond_consumer,20,100,12,standard,0
4cond_producer,20,100,13,standard,15625000
4cond_consumer,20,100,13,standard,0
4cond_producer,20,100,14,standard,0
4cond_consumer,20,100,14,standard,0
4cond_producer,20,100,15,standard,46875000
4cond_consumer,20,100,15,standard,0
4cond_producer,20,100,16,standard,15625000
4cond_consumer,20,100,16,standard,0
4cond_producer,20,100,17,standard,15625000
4cond_consumer,20,100,17,standard,0
4cond_producer,20,100,18,standard,15625000
4cond_consumer,20,100,18,standard,15625000
4cond_producer,20,100,19,standard,0
4cond_consumer,20,100,19,standard,0
4cond_producer,20,100,20,standard,0
4cond_consumer,20,100,20,standard,15625000
4cond_producer,20,100,21,standard,31250000
4cond_consumer,20,100,21,standard,0
4cond_producer,20,100,22,standard,15625000
4cond_consumer,20,100,22,standard,31250000
4cond_producer,20,100,23,standard,0
4cond_consumer,20,100,23,standard,0
4cond_producer,20,100,24,standard,15625000
4cond_consumer,20,100,24,standard,15625000
4cond_producer,20,100,25,standard,0
4cond_consumer,20,100,25,standard,0
4cond_producer,20,100,26,standard,0
4cond_consumer,20,100,26,standard,0
4cond_producer,20,100,27,standard,0
4cond_consumer,20,100,27,standard,0
4cond_producer,20,100,28,standard,31250000
4cond_consumer,20,100,28,standard,0
4cond_producer,20,100,29,standard,31250000
4cond_consumer,20,100,29,standard,0
4cond_producer,20,100,30,standard,31250000
4cond_consumer,20,100,30,standard,15625000
4cond_producer,20,100,31,standard,15625000
4cond_consumer,20,100,31,standard,15625000
4cond_producer,20,100,32,standard,62500000
4cond_consumer,20,100,32,standard,15625000
4cond_producer,20,100,33,standard,46875000
4cond_consumer,20,100,33,standard,0
4cond_producer,20,100,34,standard,15625000
4cond_consumer,20,100,34,standard,31250000
4cond_producer,20,100,35,standard,0
4cond_consumer,20,100,35,standard,0
4cond_producer,20,100,36,standard,0
4cond_consumer,20,100,36,standard,31250000
4cond_producer,20,100,37,standard,0
4cond_consumer,20,100,37,standard,0
4cond_producer,20,100,38,standard,0
4cond_consumer,20,100,38,standard,0
4cond_producer,20,100,39,standard,15625000
4cond_consumer,20,100,39,standard,15625000
4cond_producer,20,100,40,standard,46875000
4cond_consumer,20,100,40,standard,15625000
4cond_producer,20,100,41,standard,0
4cond_consumer,20,100,41,standard,0
4cond_producer,20,100,42,standard,31250000
4cond_consumer,20,100,42,standard,31250000
4cond_producer,20,100,43,standard,15625000
4cond_consumer,20,100,43,standard,0
4cond_producer,20,100,44,standard,0
4cond_consumer,20,100,44,standard,0
4cond_producer,20,100,45,standard,0
4cond_consumer,20,100,45,standard,15625000
4cond_producer,20,100,46,standard,31250000
4cond_consumer,20,100,46,standard,0
4cond_producer,20,100,47,standard,0
4cond_consumer,20,100,47,standard,62500000
4cond_producer,20,100,48,standard,31250000
4cond_consumer,20,100,48,standard,0
4cond_producer,20,100,49,standard,0
4cond_consumer,20,100,49,standard,15625000
4cond_producer,20,100,50,standard,0
4cond_consumer,20,100,50,standard,0
4cond_producer,20,100,51,standard,0
4cond_consumer,20,100,51,standard,15625000
4cond_producer,20,100,52,standard,0
4cond_consumer,20,100,52,standard,15625000
4cond_producer,20,100,53,standard,15625000
4cond_consumer,20,100,53,standard,0
4cond_producer,20,100,54,standard,0
4cond_consumer,20,100,54,standard,15625000
4cond_producer,20,100,55,standard,0
4cond_consumer,20,100,55,standard,0
4cond_producer,20,100,56,standard,0
4cond_consumer,20,100,56,standard,0
4cond_producer,20,100,57,standard,15625000
4cond_consumer,20,100,57,standard,0
4cond_producer,20,100,58,standard,31250000
4cond_consumer,20,100,58,standard,0
4cond_producer,20,100,59,standard,31250000
4cond_consumer,20,100,59,standard,31250000
4cond_producer,20,100,60,standard,0
4cond_consumer,20,100,60,standard,15625000
4cond_producer,20,100,61,standard,0
4cond_consumer,20,100,61,standard,0
4cond_producer,20,100,62,standard,0
4cond_consumer,20,100,62,standard,15625000
4cond_producer,20,100,63,standard,15625000
4cond_consumer,20,100,63,standard,15625000
4cond_producer,20,100,64,standard,46875000
4cond_consumer,20,100,64,standard,0
4cond_producer,20,100,65,standard,31250000
4cond_consumer,20,100,65,standard,31250000
4cond_producer,20,100,66,standard,0
4cond_consumer,20,100,66,standard,31250000
4cond_producer,20,100,67,standard,15625000
4cond_consumer,20,100,67,standard,15625000
4cond_producer,20,100,68,standard,0
4cond_consumer,20,100,68,standard,15625000
4cond_producer,20,100,69,standard,15625000
4cond_consumer,20,100,69,standard,31250000
4cond_producer,20,100,70,standard,0
4cond_consumer,20,100,70,standard,0
4cond_producer,20,100,71,standard,15625000
4cond_consumer,20,100,71,standard,46875000
4cond_producer,20,100,72,standard,15625000
4cond_consumer,20,100,72,standard,0
4cond_producer,20,100,73,standard,0
4cond_consumer,20,100,73,standard,0
4cond_producer,20,100,74,standard,15625000
4cond_consumer,20,100,74,standard,0
4cond_producer,20,100,75,standard,15625000
4cond_consumer,20,100,75,standard,0
4cond_producer,20,100,76,standard,0
4cond_consumer,20,100,76,standard,0
4cond_producer,20,100,77,standard,0
4cond_consumer,20,100,77,standard,15625000
4cond_producer,20,100,78,standard,15625000
4cond_consumer,20,100,78,standard,31250000
4cond_producer,20,100,79,standard,0
4cond_consumer,20,100,79,standard,15625000
4cond_producer,20,100,80,standard,0
4cond_consumer,20,100,80,standard,15625000
4cond_producer,20,100,81,standard,0
4cond_consumer,20,100,81,standard,15625000
4cond_producer,20,100,82,standard,15625000
4cond_consumer,20,100,82,standard,15625000
4cond_producer,20,100,83,standard,0
4cond_consumer,20,100,83,standard,46875000
4cond_producer,20,100,84,standard,15625000
4cond_consumer,20,100,84,standard,0
4cond_producer,20,100,85,standard,15625000
4cond_consumer,20,100,85,standard,0
4cond_producer,20,100,86,standard,15625000
4cond_consumer,20,100,86,standard,15625000
4cond_producer,20,100,87,standard,0
4cond_consumer,20,100,87,standard,15625000
4cond_producer,20,100,88,standard,46875000
4cond_consumer,20,100,88,standard,0
4cond_producer,20,100,89,standard,15625000
4cond_consumer,20,100,89,standard,0
4cond_producer,20,100,90,standard,0
4cond_consumer,20,100,90,standard,31250000
4cond_producer,20,100,91,standard,31250000
4cond_consumer,20,100,91,standard,0
4cond_producer,20,100,92,standard,0
4cond_consumer,20,100,92,standard,0
4cond_producer,20,100,93,standard,0
4cond_consumer,20,100,93,standard,0
4cond_producer,20,100,94,standard,0
4cond_consumer,20,100,94,standard,0
4cond_producer,20,100,95,standard,0
4cond_consumer,20,100,95,standard,0
4cond_producer,20,100,96,standard,15625000
4cond_consumer,20,100,96,standard,0
4cond_producer,20,100,97,standard,0
4cond_consumer,20,100,97,standard,15625000
4cond_producer,20,100,98,standard,31250000
4cond_consumer,20,100,98,standard,31250000
4cond_producer,20,100,99,standard,0
4cond_consumer,20,100,99,standard,0
3lock_producer,200,10,0,standard,437500000
3lock_consumer,200,10,0,standard,406250000
3lock_producer,200,10,1,standard,218750000
3lock_consumer,200,10,1,standard,343750000
3lock_producer,200,10,2,standard,359375000
3lock_consumer,200,10,2,standard,375000000
3lock_producer,200,10,3,standard,234375000
3lock_consumer,200,10,3,standard,359375000
3lock_producer,200,10,4,standard,281250000
3lock_consumer,200,10,4,standard,312500000
3lock_producer,200,10,5,standard,234375000
3lock_consumer,200,10,5,standard,328125000
3lock_producer,200,10,6,standard,312500000
3lock_consumer,200,10,6,standard,281250000
3lock_producer,200,10,7,standard,421875000
3lock_consumer,200,10,7,standard,421875000
3lock_producer,200,10,8,standard,281250000
3lock_consumer,200,10,8,standard,375000000
3lock_producer,200,10,9,standard,312500000
3lock_consumer,200,10,9,standard,312500000
2cond_producer,200,10,0,standard,109375000
2cond_consumer,200,10,0,standard,187500000
2cond_producer,200,10,1,standard,125000000
2cond_consumer,200,10,1,standard,156250000
2cond_producer,200,10,2,standard,109375000
2cond_consumer,200,10,2,standard,109375000
2cond_producer,200,10,3,standard,171875000
2cond_consumer,200,10,3,standard,93750000
2cond_producer,200,10,4,standard,31250000
2cond_consumer,200,10,4,standard,93750000
2cond_producer,200,10,5,standard,125000000
2cond_consumer,200,10,5,standard,171875000
2cond_producer,200,10,6,standard,218750000
2cond_consumer,200,10,6,standard,140625000
2cond_producer,200,10,7,standard,125000000
2cond_consumer,200,10,7,standard,156250000
2cond_producer,200,10,8,standard,109375000
2cond_consumer,200,10,8,standard,109375000
2cond_producer,200,10,9,standard,156250000
2cond_consumer,200,10,9,standard,93750000
4cond_producer,200,10,0,standard,203125000
4cond_consumer,200,10,0,standard,46875000
4cond_producer,200,10,1,standard,140625000
4cond_consumer,200,10,1,standard,109375000
4cond_producer,200,10,2,standard,78125000
4cond_consumer,200,10,2,standard,171875000
4cond_producer,200,10,3,standard,140625000
4cond_consumer,200,10,3,standard,171875000
4cond_producer,200,10,4,standard,93750000
4cond_consumer,200,10,4,standard,125000000
4cond_producer,200,10,5,standard,93750000
4cond_consumer,200,10,5,standard,125000000
4cond_producer,200,10,6,standard,109375000
4cond_consumer,200,10,6,standard,78125000
4cond_producer,200,10,7,standard,156250000
4cond_consumer,200,10,7,standard,62500000
4cond_producer,200,10,8,standard,62500000
4cond_consumer,200,10,8,standard,125000000
4cond_producer,200,10,9,standard,140625000
4cond_consumer,200,10,9,standard,78125000
3lock_producer,200,10,0,secure,234375000
3lock_consumer,200,10,0,secure,421875000
3lock_producer,200,10,1,secure,281250000
3lock_consumer,200,10,1,secure,359375000
3lock_producer,200,10,2,secure,640625000
3lock_consumer,200,10,2,secure,375000000
3lock_producer,200,10,3,secure,375000000
3lock_consumer,200,10,3,secure,343750000
3lock_producer,200,10,4,secure,343750000
3lock_consumer,200,10,4,secure,312500000
3lock_producer,200,10,5,secure,343750000
3lock_consumer,200,10,5,secure,468750000
3lock_producer,200,10,6,secure,390625000
3lock_consumer,200,10,6,secure,359375000
3lock_producer,200,10,7,secure,312500000
3lock_consumer,200,10,7,secure,515625000
3lock_producer,200,10,8,secure,187500000
3lock_consumer,200,10,8,secure,343750000
3lock_producer,200,10,9,secure,437500000
3lock_consumer,200,10,9,secure,453125000
2cond_producer,200,10,0,secure,109375000
2cond_consumer,200,10,0,secure,187500000
2cond_producer,200,10,1,secure,140625000
2cond_consumer,200,10,1,secure,156250000
2cond_producer,200,10,2,secure,187500000
2cond_consumer,200,10,2,secure,203125000
2cond_producer,200,10,3,secure,140625000
2cond_consumer,200,10,3,secure,140625000
2cond_producer,200,10,4,secure,125000000
2cond_consumer,200,10,4,secure,62500000
2cond_producer,200,10,5,secure,218750000
2cond_consumer,200,10,5,secure,109375000
2cond_producer,200,10,6,secure,156250000
2cond_consumer,200,10,6,secure,234375000
2cond_producer,200,10,7,secure,156250000
2cond_consumer,200,10,7,secure,125000000
2cond_producer,200,10,8,secure,203125000
2cond_consumer,200,10,8,secure,156250000
2cond_producer,200,10,9,secure,218750000
2cond_consumer,200,10,9,secure,93750000
4cond_producer,200,10,0,secure,93750000
4cond_consumer,200,10,0,secure,156250000
4cond_producer,200,10,1,secure,109375000
4cond_consumer,200,10,1,secure,156250000
4cond_producer,200,10,2,secure,171875000
4cond_consumer,200,10,2,secure,125000000
4cond_producer,200,10,3,secure,78125000
4cond_consumer,200,10,3,secure,171875000
4cond_producer,200,10,4,secure,62500000
4cond_consumer,200,10,4,secure,109375000
4cond_producer,200,10,5,secure,187500000
4cond_consumer,200,10,5,secure,187500000
4cond_producer,200,10,6,secure,125000000
4cond_consumer,200,10,6,secure,93750000
4cond_producer,200,10,7,secure,140625000
4cond_consumer,200,10,7,secure,125000000
4cond_producer,200,10,8,secure,93750000
4cond_consumer,200,10,8,secure,218750000
4cond_producer,200,10,9,secure,156250000
4cond_consumer,200,10,9,secure,125000000
3lock_producer,200,10,0,thread,250000000
3lock_consumer,200,10,0,thread,125000000
3lock_producer,200,10,1,thread,156250000
3lock_consumer,200,10,1,thread,406250000
3lock_producer,200,10,2,thread,234375000
3lock_consumer,200,10,2,thread,234375000
3lock_producer,200,10,3,thread,296875000
3lock_consumer,200,10,3,thread,218750000
3lock_producer,200,10,4,thread,531250000
3lock_consumer,200,10,4,thread,312500000
3lock_producer,200,10,5,thread,203125000
3lock_consumer,200,10,5,thread,312500000
3lock_producer,200,10,6,thread,312500000
3lock_consumer,200,10,6,thread,406250000
3lock_producer,200,10,7,thread,390625000
3lock_consumer,200,10,7,thread,453125000
3lock_producer,200,10,8,thread,359375000
3lock_consumer,200,10,8,thread,250000000
3lock_producer,200,10,9,thread,328125000
3lock_consumer,200,10,9,thread,437500000
2cond_producer,200,10,0,thread,125000000
2cond_consumer,200,10,0,thread,78125000
2cond_producer,200,10,1,thread,78125000
2cond_consumer,200,10,1,thread,171875000
2cond_producer,200,10,2,thread,140625000
2cond_consumer,200,10,2,thread,171875000
2cond_producer,200,10,3,thread,93750000
2cond_consumer,200,10,3,thread,140625000
2cond_producer,200,10,4,thread,78125000
2cond_consumer,200,10,4,thread,125000000
2cond_producer,200,10,5,thread,109375000
2cond_consumer,200,10,5,thread,109375000
2cond_producer,200,10,6,thread,125000000
2cond_consumer,200,10,6,thread,46875000
2cond_producer,200,10,7,thread,15625000
2cond_consumer,200,10,7,thread,234375000
2cond_producer,200,10,8,thread,125000000
2cond_consumer,200,10,8,thread,156250000
2cond_producer,200,10,9,thread,171875000
2cond_consumer,200,10,9,thread,109375000
4cond_producer,200,10,0,thread,93750000
4cond_consumer,200,10,0,thread,78125000
4cond_producer,200,10,1,thread,93750000
4cond_consumer,200,10,1,thread,93750000
4cond_producer,200,10,2,thread,46875000
4cond_consumer,200,10,2,thread,78125000
4cond_producer,200,10,3,thread,93750000
4cond_consumer,200,10,3,thread,171875000
4cond_producer,200,10,4,thread,125000000
4cond_consumer,200,10,4,thread,46875000
4cond_producer,200,10,5,thread,78125000
4cond_consumer,200,10,5,thread,140625000
4cond_producer,200,10,6,thread,109375000
4cond_consumer,200,10,6,thread,93750000
4cond_producer,200,10,7,thread,93750000
4cond_consumer,200,10,7,thread,140625000
4cond_producer,200,10,8,thread,203125000
4cond_consumer,200,10,8,thread,62500000
4cond_producer,200,10,9,thread,78125000
4cond_consumer,200,10,9,thread,203125000
