function,bufferSize,PKNumber,id,genName,ExecutionsNumber
3lock_producer,20,10,0,standard,2380775
3lock_producer,20,10,1,standard,2678821
3lock_producer,20,10,2,standard,2460666
3lock_producer,20,10,3,standard,2631533
3lock_producer,20,10,4,standard,2581881
3lock_producer,20,10,5,standard,2692647
3lock_producer,20,10,6,standard,2484709
3lock_producer,20,10,7,standard,2640372
3lock_producer,20,10,8,standard,2537325
3lock_producer,20,10,9,standard,2600990
3lock_consumer,20,10,0,standard,2549119
3lock_consumer,20,10,1,standard,2737919
3lock_consumer,20,10,2,standard,2416534
3lock_consumer,20,10,3,standard,2605081
3lock_consumer,20,10,4,standard,2535474
3lock_consumer,20,10,5,standard,2688658
3lock_consumer,20,10,6,standard,2478057
3lock_consumer,20,10,7,standard,2650419
3lock_consumer,20,10,8,standard,2444640
3lock_consumer,20,10,9,standard,2584144
2cond_producer,20,10,0,standard,992429
2cond_producer,20,10,1,standard,992937
2cond_producer,20,10,2,standard,992324
2cond_producer,20,10,3,standard,988069
2cond_producer,20,10,4,standard,999043
2cond_producer,20,10,5,standard,993877
2cond_producer,20,10,6,standard,991038
2cond_producer,20,10,7,standard,996274
2cond_producer,20,10,8,standard,1000512
2cond_producer,20,10,9,standard,999198
2cond_consumer,20,10,0,standard,995953
2cond_consumer,20,10,1,standard,995377
2cond_consumer,20,10,2,standard,993297
2cond_consumer,20,10,3,standard,994062
2cond_consumer,20,10,4,standard,996977
2cond_consumer,20,10,5,standard,995062
2cond_consumer,20,10,6,standard,994594
2cond_consumer,20,10,7,standard,991979
2cond_consumer,20,10,8,standard,992690
2cond_consumer,20,10,9,standard,993767
4cond_producer,20,10,0,standard,897525
4cond_producer,20,10,1,standard,232946
4cond_producer,20,10,2,standard,278408
4cond_producer,20,10,3,standard,490227
4cond_producer,20,10,4,standard,756119
4cond_producer,20,10,5,standard,268544
4cond_producer,20,10,6,standard,582185
4cond_producer,20,10,7,standard,600689
4cond_producer,20,10,8,standard,597639
4cond_producer,20,10,9,standard,345995
4cond_consumer,20,10,0,standard,512419
4cond_consumer,20,10,1,standard,453617
4cond_consumer,20,10,2,standard,427776
4cond_consumer,20,10,3,standard,904667
4cond_consumer,20,10,4,standard,506452
4cond_consumer,20,10,5,standard,488542
4cond_consumer,20,10,6,standard,398791
4cond_consumer,20,10,7,standard,600043
4cond_consumer,20,10,8,standard,452648
4cond_consumer,20,10,9,standard,307515
3lock_producer,200,100,0,standard,191871
3lock_producer,200,100,1,standard,233386
3lock_producer,200,100,2,standard,169189
3lock_producer,200,100,3,standard,224024
3lock_producer,200,100,4,standard,186630
3lock_producer,200,100,5,standard,240722
3lock_producer,200,100,6,standard,162365
3lock_producer,200,100,7,standard,221487
3lock_producer,200,100,8,standard,184316
3lock_producer,200,100,9,standard,251491
3lock_producer,200,100,10,standard,157256
3lock_producer,200,100,11,standard,244549
3lock_producer,200,100,12,standard,183630
3lock_producer,200,100,13,standard,240799
3lock_producer,200,100,14,standard,168824
3lock_producer,200,100,15,standard,218565
3lock_producer,200,100,16,standard,190077
3lock_producer,200,100,17,standard,238508
3lock_producer,200,100,18,standard,156191
3lock_producer,200,100,19,standard,228113
3lock_producer,200,100,20,standard,182052
3lock_producer,200,100,21,standard,224366
3lock_producer,200,100,22,standard,166229
3lock_producer,200,100,23,standard,234689
3lock_producer,200,100,24,standard,180143
3lock_producer,200,100,25,standard,238240
3lock_producer,200,100,26,standard,155444
3lock_producer,200,100,27,standard,231059
3lock_producer,200,100,28,standard,186254
3lock_producer,200,100,29,standard,236513
3lock_producer,200,100,30,standard,156735
3lock_producer,200,100,31,standard,242688
3lock_producer,200,100,32,standard,183106
3lock_producer,200,100,33,standard,221966
3lock_producer,200,100,34,standard,161394
3lock_producer,200,100,35,standard,220335
3lock_producer,200,100,36,standard,181292
3lock_producer,200,100,37,standard,225912
3lock_producer,200,100,38,standard,156475
3lock_producer,200,100,39,standard,223205
3lock_producer,200,100,40,standard,185890
3lock_producer,200,100,41,standard,244943
3lock_producer,200,100,42,standard,171368
3lock_producer,200,100,43,standard,226407
3lock_producer,200,100,44,standard,195382
3lock_producer,200,100,45,standard,228139
3lock_producer,200,100,46,standard,163032
3lock_producer,200,100,47,standard,216218
3lock_producer,200,100,48,standard,187603
3lock_producer,200,100,49,standard,233248
3lock_producer,200,100,50,standard,157348
3lock_producer,200,100,51,standard,264704
3lock_producer,200,100,52,standard,179758
3lock_producer,200,100,53,standard,233289
3lock_producer,200,100,54,standard,158531
3lock_producer,200,100,55,standard,216272
3lock_producer,200,100,56,standard,196806
3lock_producer,200,100,57,standard,222173
3lock_producer,200,100,58,standard,154436
3lock_producer,200,100,59,standard,222649
3lock_producer,200,100,60,standard,184454
3lock_producer,200,100,61,standard,221608
3lock_producer,200,100,62,standard,156133
3lock_producer,200,100,63,standard,224378
3lock_producer,200,100,64,standard,183815
3lock_producer,200,100,65,standard,226693
3lock_producer,200,100,66,standard,160190
3lock_producer,200,100,67,standard,233069
3lock_producer,200,100,68,standard,184907
3lock_producer,200,100,69,standard,229280
3lock_producer,200,100,70,standard,163869
3lock_producer,200,100,71,standard,218914
3lock_producer,200,100,72,standard,184755
3lock_producer,200,100,73,standard,240982
3lock_producer,200,100,74,standard,159118
3lock_producer,200,100,75,standard,221908
3lock_producer,200,100,76,standard,188142
3lock_producer,200,100,77,standard,236389
3lock_producer,200,100,78,standard,160263
3lock_producer,200,100,79,standard,223507
3lock_producer,200,100,80,standard,196120
3lock_producer,200,100,81,standard,242205
3lock_producer,200,100,82,standard,159069
3lock_producer,200,100,83,standard,233094
3lock_producer,200,100,84,standard,187305
3lock_producer,200,100,85,standard,251776
3lock_producer,200,100,86,standard,154121
3lock_producer,200,100,87,standard,254975
3lock_producer,200,100,88,standard,187802
3lock_producer,200,100,89,standard,243697
3lock_producer,200,100,90,standard,151920
3lock_producer,200,100,91,standard,229516
3lock_producer,200,100,92,standard,191600
3lock_producer,200,100,93,standard,241161
3lock_producer,200,100,94,standard,159304
3lock_producer,200,100,95,standard,230593
3lock_producer,200,100,96,standard,184349
3lock_producer,200,100,97,standard,220008
3lock_producer,200,100,98,standard,157728
3lock_producer,200,100,99,standard,221180
3lock_consumer,200,100,0,standard,232967
3lock_consumer,200,100,1,standard,173833
3lock_consumer,200,100,2,standard,178242
3lock_consumer,200,100,3,standard,219129
3lock_consumer,200,100,4,standard,249582
3lock_consumer,200,100,5,standard,167590
3lock_consumer,200,100,6,standard,175892
3lock_consumer,200,100,7,standard,235138
3lock_consumer,200,100,8,standard,232315
3lock_consumer,200,100,9,standard,170417
3lock_consumer,200,100,10,standard,178845
3lock_consumer,200,100,11,standard,225027
3lock_consumer,200,100,12,standard,231564
3lock_consumer,200,100,13,standard,168421
3lock_consumer,200,100,14,standard,182484
3lock_consumer,200,100,15,standard,226449
3lock_consumer,200,100,16,standard,228005
3lock_consumer,200,100,17,standard,166562
3lock_consumer,200,100,18,standard,176465
3lock_consumer,200,100,19,standard,229905
3lock_consumer,200,100,20,standard,228909
3lock_consumer,200,100,21,standard,178630
3lock_consumer,200,100,22,standard,180399
3lock_consumer,200,100,23,standard,218580
3lock_consumer,200,100,24,standard,234661
3lock_consumer,200,100,25,standard,172992
3lock_consumer,200,100,26,standard,180232
3lock_consumer,200,100,27,standard,218330
3lock_consumer,200,100,28,standard,241201
3lock_consumer,200,100,29,standard,166791
3lock_consumer,200,100,30,standard,177750
3lock_consumer,200,100,31,standard,234908
3lock_consumer,200,100,32,standard,223986
3lock_consumer,200,100,33,standard,172555
3lock_consumer,200,100,34,standard,181196
3lock_consumer,200,100,35,standard,229020
3lock_consumer,200,100,36,standard,238457
3lock_consumer,200,100,37,standard,171806
3lock_consumer,200,100,38,standard,178332
3lock_consumer,200,100,39,standard,215334
3lock_consumer,200,100,40,standard,242284
3lock_consumer,200,100,41,standard,169746
3lock_consumer,200,100,42,standard,182560
3lock_consumer,200,100,43,standard,223511
3lock_consumer,200,100,44,standard,219785
3lock_consumer,200,100,45,standard,169518
3lock_consumer,200,100,46,standard,179067
3lock_consumer,200,100,47,standard,215218
3lock_consumer,200,100,48,standard,230291
3lock_consumer,200,100,49,standard,174486
3lock_consumer,200,100,50,standard,173532
3lock_consumer,200,100,51,standard,224622
3lock_consumer,200,100,52,standard,233495
3lock_consumer,200,100,53,standard,172376
3lock_consumer,200,100,54,standard,183306
3lock_consumer,200,100,55,standard,218144
3lock_consumer,200,100,56,standard,227818
3lock_consumer,200,100,57,standard,174364
3lock_consumer,200,100,58,standard,176576
3lock_consumer,200,100,59,standard,223290
3lock_consumer,200,100,60,standard,232822
3lock_consumer,200,100,61,standard,177536
3lock_consumer,200,100,62,standard,186182
3lock_consumer,200,100,63,standard,215509
3lock_consumer,200,100,64,standard,237830
3lock_consumer,200,100,65,standard,180160
3lock_consumer,200,100,66,standard,180292
3lock_consumer,200,100,67,standard,231764
3lock_consumer,200,100,68,standard,238629
3lock_consumer,200,100,69,standard,171273
3lock_consumer,200,100,70,standard,184077
3lock_consumer,200,100,71,standard,228233
3lock_consumer,200,100,72,standard,244773
3lock_consumer,200,100,73,standard,180015
3lock_consumer,200,100,74,standard,172497
3lock_consumer,200,100,75,standard,221455
3lock_consumer,200,100,76,standard,225497
3lock_consumer,200,100,77,standard,174803
3lock_consumer,200,100,78,standard,176309
3lock_consumer,200,100,79,standard,244931
3lock_consumer,200,100,80,standard,228896
3lock_consumer,200,100,81,standard,174028
3lock_consumer,200,100,82,standard,171794
3lock_consumer,200,100,83,standard,223823
3lock_consumer,200,100,84,standard,223576
3lock_consumer,200,100,85,standard,167155
3lock_consumer,200,100,86,standard,177872
3lock_consumer,200,100,87,standard,248625
3lock_consumer,200,100,88,standard,242682
3lock_consumer,200,100,89,standard,168742
3lock_consumer,200,100,90,standard,184505
3lock_consumer,200,100,91,standard,216373
3lock_consumer,200,100,92,standard,270061
3lock_consumer,200,100,93,standard,179019
3lock_consumer,200,100,94,standard,177638
3lock_consumer,200,100,95,standard,213628
3lock_consumer,200,100,96,standard,213034
3lock_consumer,200,100,97,standard,176449
3lock_consumer,200,100,98,standard,178723
3lock_consumer,200,100,99,standard,211627
2cond_producer,200,100,0,standard,75982
2cond_producer,200,100,1,standard,74811
2cond_producer,200,100,2,standard,76214
2cond_producer,200,100,3,standard,75251
2cond_producer,200,100,4,standard,74474
2cond_producer,200,100,5,standard,75425
2cond_producer,200,100,6,standard,76317
2cond_producer,200,100,7,standard,75133
2cond_producer,200,100,8,standard,76801
2cond_producer,200,100,9,standard,76392
2cond_producer,200,100,10,standard,74950
2cond_producer,200,100,11,standard,75652
2cond_producer,200,100,12,standard,75784
2cond_producer,200,100,13,standard,76249
2cond_producer,200,100,14,standard,75223
2cond_producer,200,100,15,standard,75714
2cond_producer,200,100,16,standard,75648
2cond_producer,200,100,17,standard,76603
2cond_producer,200,100,18,standard,75061
2cond_producer,200,100,19,standard,73553
2cond_producer,200,100,20,standard,76414
2cond_producer,200,100,21,standard,75448
2cond_producer,200,100,22,standard,76389
2cond_producer,200,100,23,standard,76088
2cond_producer,200,100,24,standard,74853
2cond_producer,200,100,25,standard,76019
2cond_producer,200,100,26,standard,75250
2cond_producer,200,100,27,standard,74193
2cond_producer,200,100,28,standard,76506
2cond_producer,200,100,29,standard,76418
2cond_producer,200,100,30,standard,76028
2cond_producer,200,100,31,standard,76313
2cond_producer,200,100,32,standard,77203
2cond_producer,200,100,33,standard,75313
2cond_producer,200,100,34,standard,75690
2cond_producer,200,100,35,standard,75063
2cond_producer,200,100,36,standard,76836
2cond_producer,200,100,37,standard,75837
2cond_producer,200,100,38,standard,75764
2cond_producer,200,100,39,standard,76768
2cond_producer,200,100,40,standard,76669
2cond_producer,200,100,41,standard,75028
2cond_producer,200,100,42,standard,75676
2cond_producer,200,100,43,standard,75619
2cond_producer,200,100,44,standard,74381
2cond_producer,200,100,45,standard,75414
2cond_producer,200,100,46,standard,75423
2cond_producer,200,100,47,standard,76720
2cond_producer,200,100,48,standard,75260
2cond_producer,200,100,49,standard,76863
2cond_producer,200,100,50,standard,75962
2cond_producer,200,100,51,standard,76073
2cond_producer,200,100,52,standard,76694
2cond_producer,200,100,53,standard,75978
2cond_producer,200,100,54,standard,76450
2cond_producer,200,100,55,standard,75223
2cond_producer,200,100,56,standard,76043
2cond_producer,200,100,57,standard,75888
2cond_producer,200,100,58,standard,74900
2cond_producer,200,100,59,standard,75073
2cond_producer,200,100,60,standard,75915
2cond_producer,200,100,61,standard,75748
2cond_producer,200,100,62,standard,75399
2cond_producer,200,100,63,standard,75833
2cond_producer,200,100,64,standard,75677
2cond_producer,200,100,65,standard,75241
2cond_producer,200,100,66,standard,75902
2cond_producer,200,100,67,standard,76432
2cond_producer,200,100,68,standard,76058
2cond_producer,200,100,69,standard,76231
2cond_producer,200,100,70,standard,75947
2cond_producer,200,100,71,standard,76959
2cond_producer,200,100,72,standard,75763
2cond_producer,200,100,73,standard,76568
2cond_producer,200,100,74,standard,75196
2cond_producer,200,100,75,standard,75546
2cond_producer,200,100,76,standard,76451
2cond_producer,200,100,77,standard,75758
2cond_producer,200,100,78,standard,75564
2cond_producer,200,100,79,standard,75841
2cond_producer,200,100,80,standard,77094
2cond_producer,200,100,81,standard,74970
2cond_producer,200,100,82,standard,76338
2cond_producer,200,100,83,standard,75151
2cond_producer,200,100,84,standard,75097
2cond_producer,200,100,85,standard,75734
2cond_producer,200,100,86,standard,75830
2cond_producer,200,100,87,standard,74791
2cond_producer,200,100,88,standard,75299
2cond_producer,200,100,89,standard,75411
2cond_producer,200,100,90,standard,75224
2cond_producer,200,100,91,standard,75480
2cond_producer,200,100,92,standard,75790
2cond_producer,200,100,93,standard,75475
2cond_producer,200,100,94,standard,75911
2cond_producer,200,100,95,standard,76355
2cond_producer,200,100,96,standard,74572
2cond_producer,200,100,97,standard,74998
2cond_producer,200,100,98,standard,75285
2cond_producer,200,100,99,standard,77208
2cond_consumer,200,100,0,standard,75659
2cond_consumer,200,100,1,standard,74515
2cond_consumer,200,100,2,standard,75985
2cond_consumer,200,100,3,standard,75125
2cond_consumer,200,100,4,standard,76011
2cond_consumer,200,100,5,standard,76740
2cond_consumer,200,100,6,standard,75766
2cond_consumer,200,100,7,standard,75938
2cond_consumer,200,100,8,standard,75760
2cond_consumer,200,100,9,standard,74694
2cond_consumer,200,100,10,standard,75843
2cond_consumer,200,100,11,standard,75830
2cond_consumer,200,100,12,standard,76229
2cond_consumer,200,100,13,standard,75092
2cond_consumer,200,100,14,standard,76035
2cond_consumer,200,100,15,standard,76525
2cond_consumer,200,100,16,standard,76460
2cond_consumer,200,100,17,standard,76018
2cond_consumer,200,100,18,standard,75716
2cond_consumer,200,100,19,standard,74714
2cond_consumer,200,100,20,standard,76068
2cond_consumer,200,100,21,standard,76100
2cond_consumer,200,100,22,standard,77432
2cond_consumer,200,100,23,standard,75547
2cond_consumer,200,100,24,standard,76076
2cond_consumer,200,100,25,standard,75142
2cond_consumer,200,100,26,standard,74978
2cond_consumer,200,100,27,standard,77100
2cond_consumer,200,100,28,standard,76521
2cond_consumer,200,100,29,standard,76918
2cond_consumer,200,100,30,standard,76021
2cond_consumer,200,100,31,standard,75699
2cond_consumer,200,100,32,standard,76621
2cond_consumer,200,100,33,standard,75697
2cond_consumer,200,100,34,standard,75372
2cond_consumer,200,100,35,standard,76647
2cond_consumer,200,100,36,standard,75773
2cond_consumer,200,100,37,standard,74594
2cond_consumer,200,100,38,standard,75123
2cond_consumer,200,100,39,standard,74863
2cond_consumer,200,100,40,standard,74212
2cond_consumer,200,100,41,standard,76333
2cond_consumer,200,100,42,standard,75518
2cond_consumer,200,100,43,standard,75931
2cond_consumer,200,100,44,standard,75031
2cond_consumer,200,100,45,standard,75665
2cond_consumer,200,100,46,standard,76616
2cond_consumer,200,100,47,standard,75295
2cond_consumer,200,100,48,standard,76537
2cond_consumer,200,100,49,standard,75638
2cond_consumer,200,100,50,standard,74133
2cond_consumer,200,100,51,standard,74613
2cond_consumer,200,100,52,standard,74018
2cond_consumer,200,100,53,standard,75624
2cond_consumer,200,100,54,standard,76651
2cond_consumer,200,100,55,standard,75183
2cond_consumer,200,100,56,standard,77022
2cond_consumer,200,100,57,standard,76053
2cond_consumer,200,100,58,standard,76026
2cond_consumer,200,100,59,standard,75428
2cond_consumer,200,100,60,standard,75419
2cond_consumer,200,100,61,standard,76273
2cond_consumer,200,100,62,standard,76769
2cond_consumer,200,100,63,standard,75472
2cond_consumer,200,100,64,standard,76073
2cond_consumer,200,100,65,standard,76470
2cond_consumer,200,100,66,standard,75083
2cond_consumer,200,100,67,standard,75621
2cond_consumer,200,100,68,standard,75897
2cond_consumer,200,100,69,standard,76663
2cond_consumer,200,100,70,standard,76089
2cond_consumer,200,100,71,standard,75191
2cond_consumer,200,100,72,standard,76403
2cond_consumer,200,100,73,standard,75447
2cond_consumer,200,100,74,standard,76033
2cond_consumer,200,100,75,standard,74886
2cond_consumer,200,100,76,standard,75031
2cond_consumer,200,100,77,standard,77429
2cond_consumer,200,100,78,standard,76930
2cond_consumer,200,100,79,standard,74841
2cond_consumer,200,100,80,standard,76190
2cond_consumer,200,100,81,standard,76001
2cond_consumer,200,100,82,standard,75083
2cond_consumer,200,100,83,standard,74233
2cond_consumer,200,100,84,standard,74685
2cond_consumer,200,100,85,standard,75797
2cond_consumer,200,100,86,standard,76549
2cond_consumer,200,100,87,standard,75847
2cond_consumer,200,100,88,standard,75829
2cond_consumer,200,100,89,standard,76506
2cond_consumer,200,100,90,standard,75919
2cond_consumer,200,100,91,standard,76379
2cond_consumer,200,100,92,standard,75733
2cond_consumer,200,100,93,standard,75809
2cond_consumer,200,100,94,standard,75709
2cond_consumer,200,100,95,standard,76792
2cond_consumer,200,100,96,standard,75717
2cond_consumer,200,100,97,standard,73952
2cond_consumer,200,100,98,standard,76128
2cond_consumer,200,100,99,standard,75359
